App_ID,App_Usage,Time_period_Start_time,Time_period_End_Time,Duration_Usage_Period_Hours,Percentage_Use,Date_Time,Background_Traffic,Internet_Traffic,Cache_Size,App_Data_Size,Date_Time_Foreign_ID
f3adfaf7-f2f3-446f-9541-1e4d28abcf3f,31,2021-05-06 13:32:51,2021-05-07 01:32:51,12.0,89,2021-05-06 13:32:51,173,5074,224,1087,dd1896e8ad68e538657562aff39459fe3459de8996e6ce125dba40945d713feb
ad0bbdde-eeab-40f4-af74-47a1dc6ad9e9,31,2015-04-16 03:54:45,2015-04-17 02:54:45,23.0,47,2015-04-16 03:54:45,1391,5480,381,574,9313482a1683c1458daf0190f7a1a0fd055c10dafb23da24c6cb29bb75e26506
c58c7a73-6920-4a5e-97a7-a64288f31b92,38,2025-01-02 14:05:57,2025-01-03 02:05:57,12.0,42,2025-01-02 14:05:57,1938,6839,446,483,68d5d5432a0c1837cb0a76abf91067b9166a308cfa2caa77d8803220b6382212
b30e0e13-c32f-4e74-85ac-ec841dc93f97,12,2022-01-27 01:00:29,2022-01-27 17:00:29,16.0,87,2022-01-27 01:00:29,2558,8316,470,669,cff79f1264128f667a055575d013e7957cd0b87c73dd9c3aa0f9a1ac415670a0
1a72ce9c-ed40-4c8e-96a9-00c71bb5e5f1,26,2020-01-30 04:58:36,2020-01-31 02:58:36,22.0,65,2020-01-30 04:58:36,3918,8366,44,358,104feae9cc964609a4680e8fafd125bf1f02e2f379b6a5bfdd3f95c9eaafd5f8
f1894291-51e6-4bd5-ad7f-f0881f0dc9c8,24,2016-08-12 01:46:52,2016-08-12 03:46:52,2.0,61,2016-08-12 01:46:52,4847,1465,490,1044,bac55129378d13340ab15c7eaefa9a81f22ad72feecb9a89653ed6351e88fb26
26b69cbd-5c56-4a8f-b022-308006d5d1c1,90,2019-09-04 05:12:36,2019-09-04 22:12:36,17.0,75,2019-09-04 05:12:36,970,2492,228,1153,623cd392fcb5c7453326000b44cebead943a3e772388f7cfb66b434d56da468c
d45e8484-6df9-47bb-9e1f-61ab395d58d1,63,2018-11-12 19:12:47,2018-11-12 22:12:47,3.0,54,2018-11-12 19:12:47,1475,8712,476,1062,1edff106f979ba6a6234fba8511c9e0ba3ce49df113603b3d5f5e26083b8ce9b
ff28e47b-31d9-43da-8654-80a5bd1c0368,35,2023-06-29 03:42:41,2023-06-30 02:42:41,23.0,17,2023-06-29 03:42:41,2228,7046,262,1287,da0c245ef276cb480469d2e654a05e5b96bbda86ca5a88249918ef061e65a255
6aa4b487-2a7b-428f-81ec-7d9fa7363c52,14,2019-12-27 11:27:45,2019-12-28 06:27:45,19.0,44,2019-12-27 11:27:45,1900,7007,168,798,cb1f2432705ee291b0ddd25826f5ba5289977564e92de6e83a1446ba9e19daa1
7694a2f2-85df-4b67-bb7e-a0ac2d7382eb,26,2019-09-13 22:41:25,2019-09-14 13:41:25,15.0,2,2019-09-13 22:41:25,2047,2817,202,1739,38f80785ff86eaccb31a832550a1b0914c20ebaf2aed92a850cacbe6d19e643c
f99ab4e6-9286-4d65-9387-3e74d5dee723,35,2024-01-05 00:07:28,2024-01-05 02:07:28,2.0,27,2024-01-05 00:07:28,4483,4169,124,237,946531f34eb3fd1cdb5e3e60b514d5cdbf4cf14a178f84b69a78f525b9282fe8
6503216e-ddcd-495c-9431-b3ea9f47f1e5,63,2024-02-02 13:28:54,2024-02-02 15:28:54,2.0,72,2024-02-02 13:28:54,1662,1346,280,1365,83dcb0a73a4fca26c569de3641fa2d7628807216c943729a96efa55a490442a2
0905f017-210b-4779-9f49-7809be2bd24e,10,2020-01-26 13:38:15,2020-01-26 21:38:15,8.0,92,2020-01-26 13:38:15,690,5054,326,659,5a6399faea5f7750ea8e58f93ddcd956a8595b028ad7a84f96402de323a5f7b6
a31a269c-eb51-4775-81c3-fcb40363baf3,24,2016-04-04 09:00:50,2016-04-04 20:00:50,11.0,72,2016-04-04 09:00:50,4500,6419,397,859,6c974c578bcf66d1174c73f720e46063bc428f7acba358fe591e456be4b2a32d
5ff6f12a-e5fd-421d-8393-039761a4ac49,54,2019-10-11 06:20:59,2019-10-11 20:20:59,14.0,54,2019-10-11 06:20:59,4532,9957,59,1841,4bfe5f13360ac274a225e13ed8aa5abaa004c15834c230f78a456d29c14d9227
ea15d0d0-e246-4d6f-814e-4414d9cdd6be,29,2024-10-08 08:52:55,2024-10-09 00:52:55,16.0,26,2024-10-08 08:52:55,2100,5362,146,1175,5b0c8cbe1ecf66a7db2a70c3e6180df58071bbca81afd4b88f7e4dc01195e833
62981db4-2a67-49fb-9966-34f259d28666,11,2021-12-21 20:15:13,2021-12-22 05:15:13,9.0,49,2021-12-21 20:15:13,3918,5145,469,323,0632bd4ecae3fa8418b5189d333248a01073eb99e7480af093ce11047d97f627
9045eaff-783d-4fa6-90e6-3b7b4370d780,28,2017-05-16 11:02:06,2017-05-17 01:02:06,14.0,57,2017-05-16 11:02:06,1981,9257,321,1273,b039ee71f945ac89aebb6d6190db29f468fc398cb3c3138f25d1e0ed22997414
63a818c3-ca64-4fad-bdce-ae6b20bb4262,46,2021-10-18 21:59:19,2021-10-19 21:59:19,24.0,30,2021-10-18 21:59:19,1446,8126,302,598,df2d5703aefc7453532f253175fd854fb8f152c0acd629c863e316a2b4afc8e2
166d7914-ce8f-4855-964b-5dce733964ac,68,2020-06-16 07:05:25,2020-06-17 02:05:25,19.0,78,2020-06-16 07:05:25,2923,5460,223,1627,77df1e2aa58dbc4e77eafc4573cf9250b944f7e51c95abc3d0d0b12eb1d44a3f
8c204b30-3c37-4178-a75a-f6f4efe9d67d,21,2020-04-07 01:47:33,2020-04-07 06:47:33,5.0,21,2020-04-07 01:47:33,2257,6265,304,1188,c89e9dbc50077169a33d0d652625c9f40184744946512af7f7b9d1c81e5fe356
5a45a9fa-5412-4817-8c91-cbfbc15c2385,74,2023-06-05 22:13:08,2023-06-06 10:13:08,12.0,78,2023-06-05 22:13:08,4226,6584,308,1854,80c49fe8b7c93a41c0424ce6029458e2968e24f868416dbb89dfcd6734af493e
4654b0b7-d6a2-400f-84c7-dacfb6928d44,68,2015-04-19 09:00:52,2015-04-19 19:00:52,10.0,82,2015-04-19 09:00:52,1920,4517,66,475,01f53448674d6edd877bfbb3fbafceb2d4b5ae495aef9c2d0819a361f0e5c852
0218a7fb-f68b-4a40-b5fe-dec4472fce5b,60,2015-07-02 22:26:11,2015-07-03 12:26:11,14.0,45,2015-07-02 22:26:11,3901,9882,265,844,dd79311b19c8e889d51a53f555ddac5cdb96c059c062e454b7981721a3f9ddd7
ccf490e3-c10e-400e-8fd8-0fe9e1b3bf44,49,2021-06-09 05:33:37,2021-06-09 17:33:37,12.0,97,2021-06-09 05:33:37,2399,3929,114,1410,468d5bc3165eea75a2b6982cc7afeb9514406183c4d3d218e7941e1a9a708a64
9f7b4acf-d4e1-4f2d-a075-fc23c4fd4855,31,2020-04-14 18:12:29,2020-04-14 19:12:29,1.0,85,2020-04-14 18:12:29,1937,9052,499,1374,81b5236c09c37a5932550fb8ceee8f3e0318ff13ffabe0068128b6d8a98c22b9
c0003e8a-7347-4a54-b279-4a9e95ba15df,35,2017-04-22 08:53:18,2017-04-22 20:53:18,12.0,13,2017-04-22 08:53:18,1529,4139,327,1916,fc938a0f45c3614a9de77d5b2d3e303e533594baad3f3607dbb41a4dc4d03ebb
c9c67347-ec30-4ff8-a777-ff6d3a31e5f3,58,2021-02-25 17:15:00,2021-02-26 05:15:00,12.0,88,2021-02-25 17:15:00,2586,6391,94,878,ce5bb537075c6f1cf67f86d1c16a0c71ca89d4187be924661883acc97d6b83f0
e9f4db04-e5ac-4bf6-a736-6a5e1ed007cc,72,2022-05-14 06:41:46,2022-05-14 09:41:46,3.0,2,2022-05-14 06:41:46,1170,3805,282,831,d823b9ab016e575311ba0a45528cfceddae970358353a18b10d7cd0588fb48ad
472711fb-15b3-4207-bd41-de3383d8de7c,46,2022-08-23 11:22:28,2022-08-23 21:22:28,10.0,3,2022-08-23 11:22:28,518,2151,14,765,d4bec5dead07745137e410df89a01bd050c15b061a26edcc0f3db37345573b67
e35dc214-c52d-4b61-82e1-06ca03eb2ee5,25,2022-12-14 13:17:09,2022-12-15 11:17:09,22.0,13,2022-12-14 13:17:09,2740,5642,227,1342,c72fdbd34da5aee87acbfca8b8c8ba88650897e54e3ced5300424a26b9a0f904
dea1a2cb-b9cb-45be-8af8-08715c181464,25,2022-07-28 17:49:35,2022-07-29 07:49:35,14.0,79,2022-07-28 17:49:35,4515,7475,393,1485,d01f8c74dc537701d5f1890ed04aac20474c42176548801ad27280f270b01c3d
161b55e9-e4f7-4b36-970d-d598d462ee83,79,2016-07-13 07:24:03,2016-07-13 09:24:03,2.0,60,2016-07-13 07:24:03,1892,2760,311,1609,2cf0edc025164d54e82c4cf9b7b10a76b7a2c6637db38592e770c4018e8292c5
5c7bbba3-3f31-4cc1-b3aa-0aeacd31539c,51,2023-01-07 04:16:39,2023-01-07 21:16:39,17.0,7,2023-01-07 04:16:39,3789,5568,258,490,c82493a4a8159000c08d396dd4531631e9073f12fe6796b34d53f3caa706a498
cd14eb0e-e190-4a30-8786-863b9878bb97,87,2016-01-01 10:54:35,2016-01-01 20:54:35,10.0,94,2016-01-01 10:54:35,4649,7282,67,1696,6a462aa172ddba319bd8f6e2a55239f5f18a44b8dd01afc917686977720bcc7c
28d97a4c-684a-4327-8133-f4143dceba6b,59,2017-11-27 03:25:17,2017-11-27 22:25:17,19.0,4,2017-11-27 03:25:17,3030,5617,444,1920,da234200b5cb620c8bf6622a145125afe7d1c106aaf841d4e297b61add88e677
91b8130b-7c3e-432a-b0b9-21097564d193,85,2019-07-28 04:25:57,2019-07-28 11:25:57,7.0,10,2019-07-28 04:25:57,3411,5148,138,172,957e767a87bb66080f6337f28f4c88d0670394bef0a5b7e9ef0a01d16b40ee57
2a406e7e-28be-415d-9f10-d04e7783e6b4,85,2019-05-17 12:37:35,2019-05-18 03:37:35,15.0,5,2019-05-17 12:37:35,2758,7952,296,536,412a4434fd8b9b8dd4169dcf72ebc99cb914355cee50187010772aa3d7b9bdb1
311d5524-c18b-40f8-ad13-69239af1639b,44,2016-06-30 07:23:19,2016-06-30 15:23:19,8.0,73,2016-06-30 07:23:19,2971,7924,385,788,a8f0e0c901731ac260583eef66f630b69db8ebc1aa2a781bb9d24ec696cf6a04
af11fcdc-5963-4111-8ef0-afc00f03dccb,71,2022-08-13 07:24:03,2022-08-13 19:24:03,12.0,4,2022-08-13 07:24:03,275,9880,101,654,f7e92c25e2965a7913c9490559106b4ef015ad9a310a1c3e970cc05f211fb2a4
1ed06b44-818d-41e6-9a04-eecb6dedaa42,28,2019-06-27 00:58:30,2019-06-27 06:58:30,6.0,35,2019-06-27 00:58:30,1717,5663,437,377,814797a6d071a8b75610a8a111461d44110be7fe55fe3f85e979d97f01d38ba2
0503d8c8-0878-4e72-a946-f7a8abe19ece,43,2024-10-23 06:33:22,2024-10-23 22:33:22,16.0,8,2024-10-23 06:33:22,2558,1839,225,801,20845ae5f9e41c491693fa3cde2f0d9f36b6e402c96ef1992fed2f9069403412
e848e7a8-74f1-4639-bbd2-0ae54457ea22,87,2019-09-29 07:00:34,2019-09-29 18:00:34,11.0,5,2019-09-29 07:00:34,2921,7972,299,892,c59c0c6b13a486b438c897ce28725cfdb8b796c61db4878d21f90b0cd9a6ef82
502f3ef8-43d8-49dc-8b06-17fe71f92464,70,2017-07-07 13:30:47,2017-07-08 06:30:47,17.0,47,2017-07-07 13:30:47,4324,1923,223,246,46bcd57807c2e5051e92116cee178ecdc52bc60bc8703c471e0478e1500c53ed
bceb6b4b-9954-4d15-912b-63bb3658cd4b,52,2021-10-21 19:18:12,2021-10-22 13:18:12,18.0,65,2021-10-21 19:18:12,823,7041,189,1588,4d6236d8125b2b503b79e400cd37958bd56cf043facfdc2d0f3f66de46429b9c
40a63660-bc97-4d20-9bad-f70ecb439d7b,2,2021-01-10 22:44:22,2021-01-11 12:44:22,14.0,73,2021-01-10 22:44:22,1957,6733,467,1556,1986c3d2716dc0956b99378a2ae9527610e152f7a596061e1f6afc362f0a4079
5ce9baed-08d4-4ddf-8d7e-f3a46c9824e9,23,2015-05-10 13:41:50,2015-05-11 07:41:50,18.0,81,2015-05-10 13:41:50,3110,5599,51,1578,4ac5b7fd726da986c5dbaecdfed5e479349073285cc572d30b2b2ff504a88bc0
c9396b1f-a0fa-4c42-8b53-cad214ce0f51,92,2017-03-30 12:45:33,2017-03-30 13:45:33,1.0,53,2017-03-30 12:45:33,1673,9770,29,1073,ed99d4c6a4c5fb869b4e2ee3461c008a62df82d37e7d0cda2ed03210eed647d1
84e92095-76ac-4991-bd36-351153b687c0,44,2019-11-04 23:34:02,2019-11-05 19:34:02,20.0,60,2019-11-04 23:34:02,841,3361,97,1731,45a566ba6528274d4a71224ff4ea917df8e51b568a8bfd4265d7c6c2cffd1d15
78ec6d74-0929-4fec-a86b-9bd1044c265b,12,2018-10-04 17:30:43,2018-10-05 13:30:43,20.0,55,2018-10-04 17:30:43,973,2490,325,1303,6e7a36c3a65da8c84b04b259320495727fd0c12fcb1f177714db49070d465551
7a84eeaf-fdbd-4a8f-8036-f6cb41bc004e,45,2015-07-05 06:56:33,2015-07-05 18:56:33,12.0,98,2015-07-05 06:56:33,4165,5108,192,1925,93139400b1decfbb0379179f11213f82c876acd6d0b1ab7db8cebce1478cb682
caf102b3-de87-49b4-b9ad-ce28e4805ad7,99,2023-09-09 20:01:27,2023-09-10 03:01:27,7.0,79,2023-09-09 20:01:27,2629,4705,58,1612,726a84ec641fded051352acc1c8df515fce0c42f578a635046955f2605dc0d0d
eb7fb6aa-0350-4d67-b048-b18ffe2f08c7,49,2020-09-26 21:20:23,2020-09-27 14:20:23,17.0,95,2020-09-26 21:20:23,3890,3266,49,506,ddb720c2eb7b3951d92ab7eff2ffec01cd6989d585955fdd8f826450ba6bd564
86b682eb-7449-4e1d-91b1-b7507b80bbe0,39,2020-08-04 03:29:05,2020-08-04 17:29:05,14.0,48,2020-08-04 03:29:05,710,5501,133,1736,45a3a338cdc92da8bde0e435351b8590568edc39131f05b2bc47dbb8a120a11c
82a9dd56-5751-4512-bb35-0d934748f4da,63,2020-02-01 05:16:49,2020-02-01 23:16:49,18.0,18,2020-02-01 05:16:49,3184,5327,310,579,937093586f800315ef3a25af737c12adb16945f76287284b4c812fec9bb9bb9a
ac5cf0f7-08b3-4013-ae83-9faff27940f1,56,2017-09-26 02:23:54,2017-09-26 15:23:54,13.0,12,2017-09-26 02:23:54,4894,2886,427,335,b5f0427c6b7ab2ac2156259f226d1b3624b7996756c56b8079bfbf4c43829a60
540ffea5-e90a-4050-8aab-babccbaa51b6,26,2024-08-11 10:56:07,2024-08-11 14:56:07,4.0,64,2024-08-11 10:56:07,4382,3344,345,544,c3b3a2b467bef196f328c86f85673304aac151ae5577d670e8c43ae5854a3c60
b4cff884-cbcd-4d93-9ded-f26cedd20d81,94,2015-07-08 15:31:31,2015-07-09 13:31:31,22.0,15,2015-07-08 15:31:31,3669,2665,226,1660,365e208cda3568e75982dd14c9fe94f55d07f25ae1d99a006cc19f285e42040c
515ef98d-8115-4fde-95e5-eb7cead11a5b,58,2022-04-19 14:56:49,2022-04-20 02:56:49,12.0,56,2022-04-19 14:56:49,1920,6499,419,1789,231bd7c4f7d1c84c4a96fc6dbc645a464d1459bd11584fcd2b1b80c9aedad673
87ed4545-3e1f-4682-93fe-bf83181d0e55,99,2015-08-03 11:43:22,2015-08-03 13:43:22,2.0,55,2015-08-03 11:43:22,2266,7689,320,1589,975af47918e7b8f2c7c06fd29572ee0cd6eb2b22ca5ca58f43c1dabad3409334
6fe2591d-555b-4bec-b118-01c3861fb81f,49,2019-04-14 07:06:18,2019-04-14 21:06:18,14.0,25,2019-04-14 07:06:18,1226,9081,183,1441,5fe9df151ae32169169a373651da7802c233b59e89e877d532287c36dc999bf5
12517d7b-7551-4b1c-9a85-cd7eb273da7d,60,2024-10-09 15:42:35,2024-10-09 21:42:35,6.0,33,2024-10-09 15:42:35,2607,3560,274,918,55dcf76c55e95ac0d54e3684a0ea164a354419d797eb4feb6581ccf8377e2006
c613ea43-ade0-4c07-bc48-7a6955d34492,17,2022-05-03 19:22:14,2022-05-04 03:22:14,8.0,18,2022-05-03 19:22:14,482,2053,177,1798,638f96e98faad61111466ddc15d7f01fdc21f29643082c9580acf5d4fc7030f7
3f2b37eb-3429-467d-8aa7-f279bfc36d72,41,2022-05-03 14:31:30,2022-05-04 06:31:30,16.0,58,2022-05-03 14:31:30,3480,7770,221,1442,11829e17d848e278a304e5a61646b95284b983678774deff55e1a293db5903b1
f53cbd09-496c-4cf9-be15-277138749296,74,2015-09-09 22:36:58,2015-09-10 18:36:58,20.0,49,2015-09-09 22:36:58,2292,7111,215,1788,180101c8abc18ab25404e5160779f0eea79e6970163fecc9a6e2ba66c5461278
8f10d71b-b863-4cf7-96f5-d23e0dc34b60,75,2015-03-23 03:28:38,2015-03-23 19:28:38,16.0,5,2015-03-23 03:28:38,3630,1231,107,605,7e1a1b1731b0e514d8e8fee241053c398040cfb706082836cf0551863ebb6a3e
55e8b0c9-9fdc-4b9c-a786-ef1c4b680736,20,2018-12-13 11:06:40,2018-12-14 01:06:40,14.0,35,2018-12-13 11:06:40,3287,7531,12,1493,9b21fee90cdaf6084ae0a46f5f3eb14b5219252d6f69a2b466c84a28fc7b680e
58aeb89d-c0cb-474d-98c8-a536c4fd93b4,6,2015-06-06 07:07:54,2015-06-07 01:07:54,18.0,58,2015-06-06 07:07:54,4672,5997,16,226,c59cca4eb33c3d5eeda1b66477be29f4e06118791db8f6470bfeb7fee6c00582
8c16dd32-44b4-4ea9-9188-758e83fedea6,78,2019-12-09 05:48:41,2019-12-09 19:48:41,14.0,56,2019-12-09 05:48:41,3333,5193,453,508,109865dd9be88b9566bcfb1067f5020d40644f8871276cc7fbc7dc004e7d9994
59618e63-fb06-4df8-a73c-ce3386efa257,35,2021-01-01 20:56:03,2021-01-02 11:56:03,15.0,88,2021-01-01 20:56:03,2563,5337,497,210,43b5f9227c9460b3420ee2e8ab3f3913bcf1a2e80e5222f9291d9d371647f88b
b8f70fa4-2236-4037-8fff-69c97eca3137,5,2020-04-08 00:50:10,2020-04-08 19:50:10,19.0,27,2020-04-08 00:50:10,3166,5718,193,1858,87e26e7e98f464b7b043fbf2b063007bd70218c28997b91f4efe6d7f19822b0b
ce831aae-06b6-4f7d-8ec5-abfa3e5aff01,81,2019-12-13 08:16:14,2019-12-13 10:16:14,2.0,28,2019-12-13 08:16:14,3961,8085,341,129,0241111990c4b8c358205015d482fe380ce8774fc3e4e398c66dec16931f7a42
259b0c42-be49-4090-b597-1799c8cbd1b4,81,2022-04-14 14:04:07,2022-04-14 20:04:07,6.0,41,2022-04-14 14:04:07,3882,4140,220,167,a98816084bf47c9c66f461a049903bfea0a59319dd4fd6db1cb8a0eb9a0c4a12
8f430ae4-0692-4f12-8187-8117a7c7e9a6,63,2021-09-10 14:37:16,2021-09-10 19:37:16,5.0,64,2021-09-10 14:37:16,1125,6860,496,144,cf0c0ca6a9816fe78ac8c709b400bffe5bd48a20e5a4903abbe5efe61e0db6e1
43688004-7e2d-406c-8488-eab4c1acadaf,81,2016-10-14 14:24:31,2016-10-15 09:24:31,19.0,1,2016-10-14 14:24:31,4635,2960,340,233,1ae10d821bb066d57d6b1ea0b57e2d2f7657a6e6be76e2c6ee6a1c740fd8fe7f
1538a050-718b-4e9b-81e9-3edd41ed3bdc,77,2016-12-12 17:39:08,2016-12-13 13:39:08,20.0,64,2016-12-12 17:39:08,2281,2462,393,1205,1a3a3d79267043675dba0befd8f20589de6edbf460a0053ebbea76404371fb22
856ae696-6d03-40f0-90b9-f8fd36c88079,69,2019-10-15 23:18:55,2019-10-16 21:18:55,22.0,87,2019-10-15 23:18:55,1996,2050,383,1992,c6ec4905bef5eed1811a6fa3663d04bd3dca6ec3f9b929eeacedb72e14979986
c5619360-2f52-412b-9f82-b6a26776d056,35,2015-09-27 21:27:32,2015-09-28 18:27:32,21.0,39,2015-09-27 21:27:32,467,2254,231,1108,337645c551b887db800f55e664a3218909b3e9e495296a52452c6c6331f3b82a
6a3bc5b7-9f47-4ce7-b918-7daa10fdd64f,14,2021-09-06 21:26:05,2021-09-07 18:26:05,21.0,42,2021-09-06 21:26:05,3443,7873,279,578,62a8c583c65084f641e01fcab0ab4a1e2558b7c2fd98ffc2ed32d36c66971d36
1976b8aa-3ece-4acc-8d37-aed1be6e851a,71,2015-07-03 08:13:11,2015-07-03 12:13:11,4.0,81,2015-07-03 08:13:11,1296,5192,121,1577,e355eb7cd47615779581ec162fc5ca5abb6b3bc3f74263c1ec953fff6c5b45a3
c87bada3-d833-4302-ad42-2ce5de3b75b5,61,2020-08-21 21:18:09,2020-08-22 03:18:09,6.0,8,2020-08-21 21:18:09,4437,4135,93,741,a8a0484a037eec511b762327dc8d5579225a467761c515c9accd8c1f222d6988
fa251ebc-ea50-46b3-b9ac-589aec89b76b,35,2015-04-06 03:31:47,2015-04-06 17:31:47,14.0,6,2015-04-06 03:31:47,3971,9455,70,743,6578f1eae6daff48d1d88fe77ae8b84ca441e3a909612517b2ac6734f6d7cb97
3ef8b173-93e9-445b-a720-170a49e5a3f0,57,2020-01-01 09:43:51,2020-01-02 08:43:51,23.0,63,2020-01-01 09:43:51,2180,3575,439,992,a8d9f796e8323910ba2f37977e25fa60f40bd2a49d0d8c7227fb7237730a53bc
cc884af3-9bb2-4f9d-9bd6-c11188e3dc04,4,2017-06-30 05:18:15,2017-06-30 18:18:15,13.0,28,2017-06-30 05:18:15,3910,2148,167,184,dcdfc73f4e3f699bbef823b7270881ec74279a231c73cd3642c5b6ff82261ceb
240f97a5-c0c0-485f-bb30-2212262dc5a9,26,2018-11-03 18:32:15,2018-11-04 03:32:15,9.0,16,2018-11-03 18:32:15,2702,2077,65,910,57e0ae74fc0194823d258cc7a145e805372138fe063751f45dd57a4c2656758b
4ecb3d70-de77-4172-afa5-ecfa3fb9e716,3,2015-05-24 19:53:09,2015-05-25 12:53:09,17.0,31,2015-05-24 19:53:09,3109,6320,36,417,b7dbaf35abebc703072984d184d3d8de4a96256c403ca3e4b7e4789e6001c25d
cd04cfe9-fd15-4eaf-8109-e57547ccfbae,31,2016-11-25 13:34:31,2016-11-25 22:34:31,9.0,62,2016-11-25 13:34:31,2737,5483,186,244,cf7aa7a035ea9bf67dc7a94b1bdb169f21b6da140f132aebc76e4caec9540a47
ec58a54c-43b7-4148-9f83-fd3ae7528204,18,2019-03-07 07:45:37,2019-03-07 17:45:37,10.0,77,2019-03-07 07:45:37,1403,3948,231,1987,57233c08d8deef22638c5faf8b80b65fd32f3aa2e72f126946f8323863b682f8
113f098a-7e97-4ac8-9a4c-1d832a19f942,67,2019-11-24 10:54:07,2019-11-24 17:54:07,7.0,4,2019-11-24 10:54:07,2760,7605,422,897,6f6deb51a84c8619b2400fc11e09c58a5a5e2c42f19b599160e5724d6ec62c91
753bde3f-289c-4904-a721-24bf7623b348,91,2019-02-07 20:54:33,2019-02-08 17:54:33,21.0,13,2019-02-07 20:54:33,2270,8518,373,1521,fe3999147b5ad10281fbdcaf5f6fe30c1bf050ca011faa8512561b9de9eb6100
5bc65555-fc01-40e2-b129-eb0e4ad7c94d,24,2018-03-11 01:57:42,2018-03-12 00:57:42,23.0,38,2018-03-11 01:57:42,4994,7027,61,202,b6fa8c2a82c4448050ba1f546b846d4320b576bbfb2c78da091a41dc6e76f62e
9d8fd4fd-800b-4684-94f3-1d9f19cc745d,80,2017-11-07 22:07:59,2017-11-08 17:07:59,19.0,11,2017-11-07 22:07:59,4534,3661,78,732,19ced9b89b240eea1186b8798ed50aa19ec1952605cad3d9ac682efa8c046d29
022f4f5c-be98-47b6-ba42-4ddc95939020,18,2023-08-25 00:09:21,2023-08-25 01:09:21,1.0,91,2023-08-25 00:09:21,1258,2087,354,315,298764f56a0aa254fbd466c72e7a871fff2bc863a275aab53d9f145519e999f2
fff10927-2285-43b7-8544-486f552b8412,71,2019-09-06 19:08:02,2019-09-06 21:08:02,2.0,23,2019-09-06 19:08:02,458,8566,175,565,9c72c928da877e3bf13ac321b8febf1bbffb7625725aa443e68875bdb0723022
c3c85c3e-6d77-4eef-a27b-3c4a89f6ec8d,57,2024-07-29 06:11:03,2024-07-30 00:11:03,18.0,79,2024-07-29 06:11:03,2407,3803,18,487,4033f0917bc4ee813e2c4fa1d79a49b5a5535096eca4e6af3156af960446d8df
f87b699b-38bd-4c76-bde3-9502f00edecc,16,2020-02-13 00:12:30,2020-02-13 17:12:30,17.0,26,2020-02-13 00:12:30,2164,5863,427,1262,270305a25e7992ff18a1abc41dabbfe665c60548ecb52227e3d8d5c9d6254d8b
8b902ea8-52ed-414f-bb74-a93a3af4172d,6,2024-03-05 18:38:35,2024-03-05 19:38:35,1.0,74,2024-03-05 18:38:35,4777,8803,265,118,4e9d18a18124e47b4923c443aed282a09d80cca163362aa0a8d86a8a59ff9849
326e1c41-3014-49ed-8ca7-61d510e31064,83,2022-06-02 07:53:47,2022-06-02 17:53:47,10.0,60,2022-06-02 07:53:47,144,8354,125,1822,5519187f6b58e9011595c4e1c81e015d940f8d135474df9141a12b48ec589299
084bfb7a-bd78-43f9-9774-53f31768971e,55,2018-09-15 19:31:41,2018-09-16 15:31:41,20.0,68,2018-09-15 19:31:41,3720,5017,158,1980,4ea8420214cc4d8073d31ccd752c71cffb549dc6f0dca042c614f269c6a77eb6
18006177-94ae-4e06-9df1-6d04e4696824,41,2022-07-19 07:05:25,2022-07-19 16:05:25,9.0,96,2022-07-19 07:05:25,513,8937,133,1607,5c89199248cc9f6bc86a16c465db7e6ddd081c07ecd191196f24f7efcd21bb8b
6e358a90-5878-40ab-acbe-f826082b51a1,40,2021-12-02 08:28:13,2021-12-03 08:28:13,24.0,30,2021-12-02 08:28:13,3824,2268,20,912,5b7c9d8c9762df3e952944d2a6c87fb7bf1c27cb2fa00ae6c3024f18b1fc1b01
3f0071ce-f914-4f49-9719-71cc6e435d9c,10,2024-05-22 12:38:18,2024-05-22 14:38:18,2.0,47,2024-05-22 12:38:18,355,9380,287,420,6686afe482b239198d7c7ec68ea77de4f10e4d2b6a4831bf26ac08aef5037cd6
4c06a182-346c-4b91-b6a2-08f73b8d0a60,68,2022-12-26 17:17:50,2022-12-27 02:17:50,9.0,43,2022-12-26 17:17:50,2665,2111,464,223,c360a4453e2d80af4abc360edb98bf8e76d126c6ddfe4a87b48df657e2f71810
e796c46b-01a5-475e-96b8-bcb3a85f6f84,3,2016-11-20 19:19:44,2016-11-21 02:19:44,7.0,10,2016-11-20 19:19:44,1343,5243,312,1860,176714f5469b5fb2168135f9c9d8da7f21acd5acb8048e60f1e9dc879ff75bfb
f92f056a-993d-462c-93e3-ae0bc1e555dc,76,2022-02-17 03:27:32,2022-02-17 11:27:32,8.0,25,2022-02-17 03:27:32,2047,7641,79,345,29a3953fd8adf123774ad00309114d19ef31496121034f76cff625d9ecec0eaa
e95d64f3-0d25-4b69-8b4b-20bb3b668ddc,64,2017-04-21 22:11:51,2017-04-22 12:11:51,14.0,61,2017-04-21 22:11:51,3723,5086,132,178,34595a01a31555c7aa37d03f405422a2702012409839e3ba67ba6c840b44a381
fe035bda-93ad-4013-bac2-2c7f63328bba,19,2018-10-27 23:10:03,2018-10-28 06:10:03,7.0,10,2018-10-27 23:10:03,1372,8633,447,1419,2b9a25030eadfb6f2c7ad3802bff34b47d7eb9049873f9fe4684708679f7d8b3
4a9ad313-072c-4564-9e6c-fd2909e0b54c,32,2019-06-23 00:53:09,2019-06-23 05:53:09,5.0,5,2019-06-23 00:53:09,4050,8159,317,1272,8028531c2f165c2a06755991362fb942aaab531eb0e05a68be47363c49a846c2
8123f1e1-0018-4e05-a03a-df7aa67d89f6,2,2022-09-08 22:23:21,2022-09-09 22:23:21,24.0,28,2022-09-08 22:23:21,3793,5972,238,1378,49755d7c7cfb8537cb68f12b39ba8d8f93a59383dce31740a5cc84e6e369c209
f6499ca5-9989-451f-8c88-2ab369d1ff48,37,2018-12-14 23:49:33,2018-12-15 23:49:33,24.0,6,2018-12-14 23:49:33,3985,1459,435,888,4b88d7e5dadb708ff6f720d13f30b080d406954396af4cd53a46e72957a55057
a4228552-5636-42c5-b2cb-1edea8426a2f,52,2024-11-30 08:46:04,2024-11-30 12:46:04,4.0,99,2024-11-30 08:46:04,3146,6769,200,1125,88ec9f7834a07c237370e45ea9d4ee3ed2a506520d3cd6b48a55910881182825
71a26a52-c9f7-4510-8774-494af296499f,71,2019-05-14 11:17:57,2019-05-14 18:17:57,7.0,28,2019-05-14 11:17:57,4343,3305,113,1613,148fe596d69e036455d8ea84d7539bb255c467f27f6373499974b1d781feaa88
e4242a3f-f368-45ac-8c44-ba80ab4f9691,61,2015-04-07 01:40:41,2015-04-07 22:40:41,21.0,83,2015-04-07 01:40:41,3495,6520,404,748,97990605fc6113b1ffd9eae73ee88fac2985c794d2dc0147a600b0e6cfdc5765
5e7a941b-ee54-46d6-b163-7027ff862b16,98,2019-07-30 03:35:35,2019-07-30 08:35:35,5.0,10,2019-07-30 03:35:35,1047,4909,18,249,2e494d0426a3a598c23d295bcb4fa72e567e73c9a9df800ffcd88c5f67ba4aea
cbcbae13-d836-49cf-8dbe-0255e23c224b,17,2023-12-06 00:59:58,2023-12-06 22:59:58,22.0,22,2023-12-06 00:59:58,4572,2080,324,665,b1d9f7780b9534e7d1a1747a469fdcdafce025b58a5870f976bb44689392eeee
1b9d63a4-b84e-4fba-9289-d2e4fc0079ff,73,2017-09-02 07:19:09,2017-09-03 05:19:09,22.0,80,2017-09-02 07:19:09,2677,8844,104,505,b92ab186c3befb46b3e1815075bc6c05c59f772df6fe5cc419989655d3013fd2
38e84184-6088-48a8-b1fa-6a420f003c51,17,2017-03-10 13:53:37,2017-03-10 17:53:37,4.0,96,2017-03-10 13:53:37,2716,5324,129,1392,2952f247e6e713710d4c17b252895a79f7d6709d250b8a1f1c4582a869315272
6110164b-3450-403e-b1cf-ca17b7efa78b,82,2020-11-24 11:08:31,2020-11-25 02:08:31,15.0,71,2020-11-24 11:08:31,2444,6578,338,1294,bfddd36e7fe84700262f04b13cb2a4789a9b59d353ee3f50e70a88bb6d6cc2b5
d41226a9-8761-45c4-92d9-0d0681676aed,80,2024-03-10 18:08:46,2024-03-11 09:08:46,15.0,32,2024-03-10 18:08:46,4663,4855,112,1187,6b49a556a2df57626c01344ab3aa1d34b5aed19fcb96bae5e7875a6ba6106f8e
1781b82e-0bf9-40e1-8475-d3749ab8f853,94,2018-05-08 16:27:47,2018-05-09 04:27:47,12.0,60,2018-05-08 16:27:47,1784,8380,308,1223,6b79c6ad5d8f872b7600946265a0c4127505759955e44a925f8b3523424bea12
1e5886df-da07-4b42-be43-8ddbd0e1a9eb,20,2018-08-05 20:20:06,2018-08-05 21:20:06,1.0,1,2018-08-05 20:20:06,3900,6724,229,968,03fc66afcef09d2fdd40f5b1d2896430a4f053f7eaf5ece0babf3b6e1315a9f4
2cbf80e3-5a78-46bf-9e88-5d3047949745,72,2023-04-21 11:13:22,2023-04-22 01:13:22,14.0,19,2023-04-21 11:13:22,1462,6426,33,623,3eadb146abd0ca324ef4103066d42517ce4c21a8c67b022f5b508805a4b64398
fd32b3f5-3215-4190-8b41-cd0bed6255b2,80,2016-11-26 03:15:03,2016-11-26 04:15:03,1.0,90,2016-11-26 03:15:03,4379,2079,374,1183,fecec93405ff584d2400b81242365e7f4d26a9cb5772d9ca8eaa82515dfa5743
f1386f66-ee14-4543-954a-b3c2e99ea4db,52,2021-02-16 15:15:46,2021-02-17 15:15:46,24.0,51,2021-02-16 15:15:46,4836,5530,149,792,527bbb7256afdabd216659a18ae7618c005b359791cf8fd2de365b19893ddfdd
461de03e-7086-44ab-a889-7c67fba7ac8c,96,2024-03-20 23:41:40,2024-03-21 14:41:40,15.0,78,2024-03-20 23:41:40,1500,7092,145,625,42cf643a858389c004fa21f7a98df8a46b555adb30f65d503fcc546b28736f4f
34ab67dd-b679-47e2-a82f-5f7b07d8f571,31,2024-02-17 02:22:17,2024-02-17 10:22:17,8.0,62,2024-02-17 02:22:17,3303,4111,496,720,b369a796471956c1ab2e2e328a0bb71ba81cee51c05ba9901d9c397264d56fb1
ddb00d0b-454f-4c91-ba4a-d9e0ccd5ea4d,9,2019-09-11 16:09:23,2019-09-12 13:09:23,21.0,68,2019-09-11 16:09:23,4594,6271,117,146,26a472c4bba35c03ee652894a5d338d3d617c9e83f584ed8a5967e94482514b7
acb2656d-803e-4bd7-95d2-5e95f6e5533a,60,2015-09-21 23:55:13,2015-09-22 22:55:13,23.0,88,2015-09-21 23:55:13,2698,8453,117,923,6e986b6c7f86246b99f44a140ed4d47eb88daefcf847cc3489c06daec2c68ef7
f7f6a894-a7ee-4931-90f3-6259db5e3c36,24,2021-11-02 05:50:52,2021-11-03 04:50:52,23.0,49,2021-11-02 05:50:52,4564,7938,325,743,08054b4e7bb089f460d18a88f68e0aa6e6d0a61c24402dbf52d44a2c19ebde36
8747a126-5820-4781-a952-61c8eb9606b5,80,2021-05-30 11:16:52,2021-05-31 03:16:52,16.0,1,2021-05-30 11:16:52,2933,8738,256,1392,586c2146c372f9553610320a44b3c4395545db1421feeb70e82db15ffa6c0739
4435d1e8-0870-495b-8e86-5bbf37ec5015,86,2017-04-20 23:36:58,2017-04-21 20:36:58,21.0,79,2017-04-20 23:36:58,1888,5196,412,1661,c5923c4569e8925993a4df244652cbebee5876429cb3f1a148c112f579adfebf
3b49df28-fead-4ae9-aaf9-14687adf7f03,58,2016-08-11 06:18:22,2016-08-11 18:18:22,12.0,65,2016-08-11 06:18:22,3562,3732,267,126,6e1528cdae44bd5f8fb19e3179936b8347a4de03a3a798f45c8a10db5055c889
826a7e2a-f4ae-4454-8cb5-2d145fb97a45,9,2017-12-28 08:44:12,2017-12-28 17:44:12,9.0,23,2017-12-28 08:44:12,3273,3653,301,1836,b85d5564d7d154fb3d5e939c29b007f49de1ca6105e24fcef684ff22b884edad
d3b17d7f-f45d-41b6-952c-45a3c216af9c,25,2022-03-28 11:11:05,2022-03-28 14:11:05,3.0,54,2022-03-28 11:11:05,487,1512,458,1755,a427ed93a404ccb29830d4c7b110534733074cf656e4d4145d5694c6e4e8debc
5830f905-08eb-4bc2-89b7-e2e97275ce3d,33,2024-12-21 00:32:08,2024-12-21 21:32:08,21.0,66,2024-12-21 00:32:08,292,9214,458,1578,b5a7d7383d2dc4dfc2280300a17d9a765ae630a17c2f130a69fbf423e363d8d9
10686620-b995-4706-8210-48a4cd28022b,65,2020-10-14 18:58:06,2020-10-14 21:58:06,3.0,17,2020-10-14 18:58:06,1663,7084,132,1138,e6fc79f2fd11d4be0ad9d16528e1d4ba9b889893c67ef4e41d017697ac3de7fe
5f32ee94-023b-445d-be7b-1bd0095978ac,84,2019-07-05 13:50:46,2019-07-06 05:50:46,16.0,46,2019-07-05 13:50:46,1538,9469,330,1978,8d117d33981a0c2f34d64ac01d2f7071910ac8896c531ddedc696253e8232f2a
169b83c7-613d-42a0-bd41-53b773c0082d,66,2020-03-10 01:50:15,2020-03-10 16:50:15,15.0,86,2020-03-10 01:50:15,3225,8567,419,738,7c55d9463c9d7d683ae812fe98940832a5e05d2f00089ff8f42a83287271011a
54e3c2e3-5c5d-4a7a-800c-1565ffded2b5,27,2020-12-08 19:20:58,2020-12-09 07:20:58,12.0,6,2020-12-08 19:20:58,2951,9574,327,1234,d17ff02e8b6ad8f46c4aa7f0b3122b6b802f3fa5662a7efb2a0c0c03d5a9e8e6
0d1408a6-b3c4-434c-9ecc-02d466ae092d,66,2024-07-06 20:42:26,2024-07-06 22:42:26,2.0,85,2024-07-06 20:42:26,1128,3200,320,636,f44d4049a760bca17fb0fe661ecd136bbf1d9a3689929d58d6bf6561609a8fac
0590feb0-d055-45b2-b80b-5e5462a285de,92,2016-01-16 13:01:04,2016-01-17 06:01:04,17.0,6,2016-01-16 13:01:04,740,5914,428,1786,f5000a654ec87fb5bb8cb0db1a3ae25ac30df0d0c978335aef41a99bcd1ee768
a38d1eac-c26a-47f4-b701-04a17a3c33a0,93,2016-12-24 22:09:40,2016-12-25 17:09:40,19.0,47,2016-12-24 22:09:40,3435,2823,156,759,1238fc2d9d31ce6c3fc05b0893122663118ca44570b1bc4deb9ea4fee55cf521
8ededc4a-17e9-432b-b68c-25b95e7d561e,17,2021-07-18 15:10:01,2021-07-19 15:10:01,24.0,2,2021-07-18 15:10:01,1621,9606,342,525,dcd782f94885020f544cbf4002a67506c4b27605d12b8a6095fdb4fbd5a13ff6
b6fe2112-edf5-440f-b5a7-2ea71e1ea898,49,2016-08-16 11:00:05,2016-08-17 04:00:05,17.0,88,2016-08-16 11:00:05,4979,1530,472,124,df0e7c7f0f5dd0fab22c1141c42ca3c08ac4d9b7b800a29c8470dc7a0e3dba3f
9bb13441-03ec-488e-b4f5-154792991569,35,2018-09-06 01:29:29,2018-09-06 11:29:29,10.0,88,2018-09-06 01:29:29,2090,2292,38,1460,b16e7323a05cf2112233051c6915af64260a2c31656da96d2f37bfc7de224f49
b66a8da4-4dd1-40a4-8c79-5475f5e92c5e,63,2023-07-04 13:41:15,2023-07-04 18:41:15,5.0,97,2023-07-04 13:41:15,4320,1713,370,803,c51a750a2fc29798df89d288f6a911cb8bd4d461f4b95c49a712c1e203b105e8
16d407b3-b029-4f11-95f8-f3344055b093,51,2023-07-14 19:48:07,2023-07-15 10:48:07,15.0,66,2023-07-14 19:48:07,3975,2323,373,1591,3ee3220bd0f66f5cce8bd5e64aac4d03e76958529a3aaeb9721d50c4395b3b3f
b48282aa-5c5a-4181-a34b-b68348b6eaf4,47,2023-12-21 21:10:48,2023-12-22 18:10:48,21.0,74,2023-12-21 21:10:48,3386,2470,272,916,5107cf699f0596a0de2de27983dbde1e7af5acce8b3a5ca30c89ab13bcaf6e05
dca18dfd-1db6-4e1d-aa83-885a37a1d2f3,89,2017-08-06 13:52:46,2017-08-07 09:52:46,20.0,76,2017-08-06 13:52:46,1059,7718,260,436,745cd0935d5b713c2992abd607555e390d98b9765598900043ce34656aef2484
5a724730-88b8-49ba-94b6-50f132968499,80,2018-12-03 06:59:12,2018-12-03 16:59:12,10.0,74,2018-12-03 06:59:12,2775,4111,324,725,1b804d56896eb3e4ecb77b460885c1016702513d1a42a5f3cc3afe8afb276ba4
77077d0a-56bf-4358-b91b-86c77c34a5d4,74,2017-02-21 22:40:15,2017-02-22 19:40:15,21.0,75,2017-02-21 22:40:15,2092,7735,30,349,1b07991a31acb46e265de3b6ed6574c498138c822fcc087874c4e96a4cf84ec8
37b1c011-c5e7-4309-837b-fc7719692edf,46,2015-12-05 17:13:29,2015-12-05 20:13:29,3.0,5,2015-12-05 17:13:29,2876,1261,244,1550,248e51b7044eee77de1459cb5cf50e3259426fe8c1e73e7c36c22e98afebeb21
365df075-b535-4104-81be-e2363cd77f50,15,2022-05-17 13:40:23,2022-05-18 07:40:23,18.0,93,2022-05-17 13:40:23,299,5566,72,646,8b0dfe85d02065d3f6f9ae7dd45758800cd4b773cd32e59f29d39037b0e9394f
16ee963d-10dc-46c1-91c4-70099e211b8b,38,2019-04-05 04:50:12,2019-04-06 00:50:12,20.0,37,2019-04-05 04:50:12,4133,2474,473,262,5699210b823f73351fe1560f18a2c4d551405bfc3e0afcb97247cb5eaf53bd3a
4d0fd304-2ad8-49ac-a8f6-86c2363fec99,52,2020-04-03 10:31:20,2020-04-04 08:31:20,22.0,98,2020-04-03 10:31:20,2453,1875,173,1543,6503d1bfb6c63c214e741e970a96c24a12e4afa4a7f93bc931da5766f6ad410c
9d821de7-a1a8-470c-91d7-007b975c7e7e,7,2017-11-23 12:15:16,2017-11-23 14:15:16,2.0,20,2017-11-23 12:15:16,4520,6662,59,164,18f7ce97df84b477fc9ce431fbda09b708d37de3bb86be8082c81a334bbb03f1
9e3e543a-678f-4593-ab9b-dcad61546113,31,2023-05-02 14:44:16,2023-05-02 21:44:16,7.0,3,2023-05-02 14:44:16,4335,2869,12,985,e884ae5724cdc06fcd95dc866485ebdea38ff56a9b14c51a597065f8f9224379
e78cfadd-867a-4442-be9d-bc99fba57cf5,48,2017-09-14 13:03:10,2017-09-15 01:03:10,12.0,77,2017-09-14 13:03:10,1928,4726,150,1191,33e9533fada991b0a7659f958e3df608136ffbeeff76237e644635245752ebb6
4c6aa317-c9ac-4c44-b5db-73acc60bbff6,2,2019-01-11 13:39:34,2019-01-11 19:39:34,6.0,54,2019-01-11 13:39:34,1708,6354,180,454,ebee5ad99e4735045e6baf1db04991ee7156dd6bc3539c5c09af1de4da2593e8
b4bbaf78-4485-47a2-bb89-76076e70207c,88,2024-06-26 09:01:25,2024-06-26 14:01:25,5.0,93,2024-06-26 09:01:25,3187,1323,225,771,34bf8c26b083c0848ee673d7fc503a5e71b2fc73a13f8f1ecd80a129a04433ab
732d591d-e4bb-4250-b87a-32b69cd80e00,53,2023-03-05 17:29:59,2023-03-06 02:29:59,9.0,46,2023-03-05 17:29:59,2753,8302,332,1088,74bbddd9efee0230e3b26893731f62bc772bfdd6b384ca0937da16c33693969d
32a1056e-0bd0-475d-a07f-e77837409167,78,2021-10-03 12:50:30,2021-10-04 06:50:30,18.0,83,2021-10-03 12:50:30,1201,7736,350,1605,ac340140344be98b7f2daf466ca1b95d2aaea1fb9d978aacebf6e3411af3df43
74efb19a-d221-436c-b8d2-813676dd9dc8,1,2017-11-11 22:44:32,2017-11-12 18:44:32,20.0,43,2017-11-11 22:44:32,3444,7092,163,1935,30d88fcb56cabf7417ef13b0a375797b596f137c688832c0a218917a2bd65c85
6e96e39e-9e1e-470c-9bed-f19c3653f68a,77,2019-07-23 09:53:38,2019-07-23 22:53:38,13.0,76,2019-07-23 09:53:38,1382,2211,25,1627,a0b8932cef33577463f4eea2fee2cb7887a0b3167eb9f9c3b25bdd41f32b96c6
d5031c32-0e34-49e6-ab28-2364f8264e00,17,2018-10-15 10:34:58,2018-10-15 11:34:58,1.0,75,2018-10-15 10:34:58,449,2895,122,1926,44df0badc3891b25aaf585605014d7c726b613e977d619712c5aecfd38cecabe
b21460da-5e1e-4c45-9659-4a9d7fe46e3d,97,2021-03-24 23:29:10,2021-03-25 05:29:10,6.0,85,2021-03-24 23:29:10,1966,7126,255,1196,96b7cace4382bd7269b0dea1da716eed6e0485154b3fb2afd613f06a535384f0
1ec374dc-1d1e-4330-be61-1107cd736f8e,24,2015-07-31 19:16:37,2015-08-01 04:16:37,9.0,44,2015-07-31 19:16:37,1019,2245,474,1658,df1583e072574e25499a4dd4e29289692b660b00f5c59fbeff006459e624d8cf
8c08d9da-60f7-44b9-8324-4c1ff41500d3,8,2019-03-19 02:31:48,2019-03-19 10:31:48,8.0,95,2019-03-19 02:31:48,1082,6918,213,765,d8e8f87396ac1d56aaf1c3f5c4882d3596403beff0d02266f0f1eff2ce78e035
08939efa-a45d-4386-b98c-ca535ca6bc93,60,2018-08-18 08:53:04,2018-08-18 13:53:04,5.0,6,2018-08-18 08:53:04,2251,3024,493,1890,a113b2dafc189a56dd801a4633bd6e11fc888d4e0561cdc7e6162ae3d52676a2
4674577a-c7f0-442e-abea-051c8fb9b854,64,2017-02-26 05:37:50,2017-02-26 19:37:50,14.0,17,2017-02-26 05:37:50,2336,8404,134,315,c42c96d6c72419df497700de77c6eae90d7ed027fc6d781d788a9afbe31e5c9b
e254163e-9ccb-4755-b4d0-ad4688e17e77,54,2020-04-21 15:54:00,2020-04-22 10:54:00,19.0,37,2020-04-21 15:54:00,872,6847,464,1902,516bc543c2db10c9eb74b265ad205792c8086ee95134c94c5b886b5a9c9c8b7d
be9af099-e8e6-46b2-81c8-c0cf6cd021ed,19,2015-06-24 19:55:30,2015-06-25 07:55:30,12.0,78,2015-06-24 19:55:30,175,6839,481,812,97661f10c857fa44b3a9f0060c428fec3f639079a5ef8e1238d394259af6ca2a
7f12c3b2-4e9d-40ed-ae2a-9e5be84d0889,10,2019-06-04 13:45:06,2019-06-04 22:45:06,9.0,67,2019-06-04 13:45:06,1932,5447,385,411,b17b6e2d492f378a287bee94cc8aab50b5f1fb8949b6a986add390a7d6372589
03b6ebf2-d516-4145-beae-1fb50f4b3acf,35,2018-03-25 09:59:44,2018-03-25 11:59:44,2.0,82,2018-03-25 09:59:44,1110,5734,216,1487,b2cdab538fd5fb03ca8e330267f5eb68da8e009e45a6f41653742ca21229f593
d53e0e03-2f4b-48c0-bd7d-99efa9131de5,33,2017-01-26 15:52:53,2017-01-26 23:52:53,8.0,55,2017-01-26 15:52:53,2553,7732,241,1332,df95041566a09a3bcfe0254645b0fdda4eda542442d5bd436bdc5ca29396787b
56177c7b-4257-4cbf-88e9-765d796396c6,8,2020-04-10 22:53:07,2020-04-11 07:53:07,9.0,98,2020-04-10 22:53:07,2324,3607,390,259,03755c9d9c047186c84bfb72f5f40611c1e215e8b2dee5eb1bc8d56d3f49be6d
9b3bc674-f710-4d5f-8f6d-83be5e2acaf2,53,2024-08-01 07:11:08,2024-08-02 07:11:08,24.0,70,2024-08-01 07:11:08,2798,4127,273,880,f18bcb6757352434e92364cb7ec8aad89c5aae07d30d04d70f337ca89795a0ab
b4d216ad-fc9f-4c52-8dc8-b4f848c3b49d,9,2020-12-05 05:22:53,2020-12-05 11:22:53,6.0,20,2020-12-05 05:22:53,3707,9682,130,1549,f11acdf0832791e81e7837798cb51aa5135c4e20869c130cd952e49052df6ca7
2c73ee3e-0a62-440c-9dd0-6446d1bb2bca,26,2024-03-05 21:37:30,2024-03-06 17:37:30,20.0,48,2024-03-05 21:37:30,1618,6253,499,1629,46e21f98675425a0c28d8900f827e3e0c2c9398398b283436038443b01e75d8d
baef3b93-a594-4e6b-8537-ea607df528f2,38,2015-01-29 13:58:14,2015-01-29 18:58:14,5.0,55,2015-01-29 13:58:14,1071,8694,48,1673,e1b20ca3863db8adb53120995113ab4375ccbfd1abc1ebe15c1113ad00ecea99
fa8b48f2-7117-4b02-bcbd-6dc6d66e5d8d,31,2023-07-06 07:17:57,2023-07-06 18:17:57,11.0,69,2023-07-06 07:17:57,1109,9363,221,195,2a8a54bab00801c0b4eaf9c7c24ebade19d92b2d35138f814ba63c1baaf2db5f
95a1c5f7-5eb9-4196-a566-ecd088597685,42,2019-06-10 03:09:38,2019-06-10 15:09:38,12.0,91,2019-06-10 03:09:38,4881,4660,10,469,224983163819856d1a1ef60acb67c18f9203576f6c82dfb2e5148b5476c8e448
a1aa796d-c0d1-4d06-b0ec-710c459c025e,23,2019-10-03 13:29:28,2019-10-04 10:29:28,21.0,72,2019-10-03 13:29:28,4868,8840,255,1900,620ef3c6d5dedf34447d1f679cc6f140b0a7f2f470a72f9a28ea43ceecaa09f5
9a1e8171-2211-4ab1-83c5-5f00b2752cb7,21,2018-03-10 21:47:51,2018-03-11 02:47:51,5.0,7,2018-03-10 21:47:51,768,5728,211,777,161a8da09062fcc51d3b2982cab5fea8d943d20f4a3abccb2c768e451aadde2b
38678e74-bc64-4da4-a8e5-4defe5bd3787,63,2024-06-08 23:49:56,2024-06-09 07:49:56,8.0,20,2024-06-08 23:49:56,1843,2039,302,1239,80fe5ceed12eefa70b59356fbb98823c4aed6d80e99b403ff2f4aa10f09e354d
0c2b58dc-95a9-4c9a-b678-ab68e63bff9a,93,2018-08-07 08:12:16,2018-08-07 20:12:16,12.0,72,2018-08-07 08:12:16,3762,6111,83,213,0f4533039a74e632d04830156350761ffbf763135d8fde6488c213dab9c77b00
31a808b5-66b3-44fa-8143-89058ef912d2,7,2016-02-23 18:22:23,2016-02-24 17:22:23,23.0,46,2016-02-23 18:22:23,3196,7050,465,1530,0ffc98c508ef7f5be72422acd72ce668ec109c8eab92a3960366bd8d447dc571
e43071b5-f982-49bd-8c91-d9cc09914edd,33,2018-05-21 02:06:04,2018-05-21 07:06:04,5.0,70,2018-05-21 02:06:04,4010,5594,418,1092,03ab6bafefc6602b8642b6b181c1ec25adbda8b2dccbe6a14e96871af68c9023
859a1dec-151a-4002-9026-a08e0d841413,57,2018-08-28 15:13:03,2018-08-29 05:13:03,14.0,18,2018-08-28 15:13:03,867,2335,370,1389,f46a522a793a7e227ee2575b7afe717ab3b03c84ab9462e15c0e1406d31c6ea5
2e289a17-66d0-4c1a-aa80-ce5075e01841,20,2016-05-07 02:41:14,2016-05-07 22:41:14,20.0,84,2016-05-07 02:41:14,4717,9984,281,1390,a7fef2fc10ea9adfea3e63b472fc6d0371523c7ca37aeff41c9edfd92a851ee5
a8a9334f-ee59-4ee0-94a8-05a1bcacb5e7,22,2015-09-30 18:48:23,2015-10-01 15:48:23,21.0,43,2015-09-30 18:48:23,604,7378,38,1923,011ada8f5052c18049a0709bd866b1fe84d2484eb670b4369e508f828b9131dd
d04f86de-f39f-421a-a7fe-9494b29a0a0e,9,2024-08-31 02:11:25,2024-08-31 16:11:25,14.0,80,2024-08-31 02:11:25,2157,2105,343,257,7058b469f1b6596890ed8b77df600d2e019316bed1b37d4ef9dc2fe2373e464e
39b80977-c03a-458f-9b21-50f9d11fbb34,2,2020-04-16 05:00:26,2020-04-16 08:00:26,3.0,77,2020-04-16 05:00:26,2861,8831,436,423,8266803b98ab5a2fca8feabe964adae12fe14dae534f8c65a244da5389feccb1
d8f9e9b0-d973-44f3-8c1d-b3a4682ce049,66,2024-06-10 12:17:56,2024-06-11 11:17:56,23.0,42,2024-06-10 12:17:56,1912,7096,264,1988,cf2e0d4103085b5323c1c4de74bc5b88242ce1e02ebe2713f691c336a26c05ae
0abd60a8-7057-4e05-aa93-d1cfe1963138,84,2017-03-16 03:20:37,2017-03-16 12:20:37,9.0,33,2017-03-16 03:20:37,3222,5460,187,935,4b249b182b17b507b10b71e7750068d27e236d1272bfa91cbfbf4695f5496857
2c64af43-325f-44c0-9164-aad0db53688c,12,2015-03-27 20:04:04,2015-03-28 00:04:04,4.0,6,2015-03-27 20:04:04,1338,9821,354,1480,1b1e24ede8e47639af7ba7deedc2114cf4275c31b7734d41d8450f5ca65e59d4
57a88a4e-e9c5-4ea3-9033-5a33bc23ab83,62,2019-12-09 06:12:13,2019-12-09 18:12:13,12.0,90,2019-12-09 06:12:13,4959,2238,47,1960,76092411f6f86c5120767783daf41b18cf58f39d4b8c2b6bf8003bcdcbf32f8f
8c674b24-a593-4a74-846a-6f8b1b367427,61,2019-12-03 17:24:10,2019-12-04 02:24:10,9.0,54,2019-12-03 17:24:10,3141,4019,121,1298,af0a2c06ae36b5a40953ca315628872015e684741d8e659cc73cf9725e5a0aed
78c7c73d-9d78-4605-b19e-12829a7c01b6,56,2023-01-22 04:46:34,2023-01-22 12:46:34,8.0,38,2023-01-22 04:46:34,4014,1617,289,1153,c9df4978266688b342f68c20c2556777b501c0d5a07faa652263d1f9efe9bc25
a2b027d4-ceb0-40a1-9a7f-fc5baf45a1dd,78,2020-03-15 22:06:44,2020-03-16 10:06:44,12.0,98,2020-03-15 22:06:44,2345,9254,457,1532,f1050476cca4011d7f9c97852d068923f91027ef413df3325fef56c1e7f19da6
19f2a8a6-a60f-4b56-874d-2301bd86cb17,86,2024-07-06 21:25:13,2024-07-07 03:25:13,6.0,9,2024-07-06 21:25:13,2876,6741,429,494,29e23b9381e8251d00e5f685760bf6389d764d2c2ad944709c69c1a39016f3e6
0d59891c-01e5-44f9-b0b1-59529e3abe46,79,2016-06-18 06:54:31,2016-06-18 19:54:31,13.0,79,2016-06-18 06:54:31,1916,3766,278,767,6f2799b1bab259b9069c76e10c9c2e16f08dbd8794e98e7ac1d2b0785a97f435
d6f0888b-bd59-4c43-8e66-2275028dfe3c,31,2020-07-16 02:40:36,2020-07-17 01:40:36,23.0,63,2020-07-16 02:40:36,1939,6539,199,895,ea80f36ed366db7ecafb421967642e3c040262f65c930521f8b77048a528c889
7f431296-094e-48bd-8366-d1b59da234a1,14,2024-11-25 06:12:50,2024-11-25 23:12:50,17.0,16,2024-11-25 06:12:50,4829,8677,67,1672,aaf65353ac650de583157d8ecac9d0d96c867175e37aeff25797b4d30375db02
391847b0-a908-4996-a348-98d882c85384,86,2019-02-02 22:21:48,2019-02-03 12:21:48,14.0,70,2019-02-02 22:21:48,4230,8056,448,1414,9eab64ec0687798ed600362f282e923f0031011498a8953a316f008fbe54e051
efc746d4-0496-4397-b241-d2b30fe9d46c,25,2023-02-23 07:04:46,2023-02-23 12:04:46,5.0,31,2023-02-23 07:04:46,353,8994,20,237,1346dfe8aee4043c5723df96b16e13a1d33d664220d77acfa144e1963184de40
aa09fc60-3d49-4779-bfc9-f3df4bf3c08a,62,2015-03-05 05:03:18,2015-03-05 14:03:18,9.0,53,2015-03-05 05:03:18,1158,4713,113,1063,d34d6a5ce44ae984eff0627b220a35384b494f28ec20931032cc5758868b312e
06f7e39e-4926-4b45-ab5b-9e6b4832af25,13,2018-10-19 03:55:06,2018-10-19 07:55:06,4.0,75,2018-10-19 03:55:06,2423,4382,66,128,706e994c5de27ca8645a70b9f7a7807b389fafd0e4a4e950564d4394eb3109d6
693f78aa-e22e-4b45-a521-e1213d50e873,72,2015-08-22 23:40:20,2015-08-23 01:40:20,2.0,14,2015-08-22 23:40:20,3058,3117,484,1295,4b1326502cd5f4e423c7259331ef1a7e7802f6c6b15ddbff87506a67a812c43c
6c22c0c6-d0e7-49f8-ba68-9a9480435ed7,60,2020-03-04 15:28:00,2020-03-05 07:28:00,16.0,39,2020-03-04 15:28:00,2783,2080,317,853,14fe6b987d45099b6b39dd944518b09a43f25167ac80cf0622050a1fc1cae2b7
77dfae5f-b3b5-4c95-af15-28d00013a853,3,2019-01-01 13:38:28,2019-01-01 14:38:28,1.0,44,2019-01-01 13:38:28,4400,7661,100,241,4c466f7b17954159adf70bbdacb39ef9789ba138eb01ce161ed1606bc155751d
071c3ec0-9bb4-4613-81db-cafaa0d18245,29,2022-10-11 03:08:29,2022-10-11 15:08:29,12.0,83,2022-10-11 03:08:29,2966,9307,371,953,a5d397db39989b32cbea0e162755b7744106a6f52ab3f9a964af17431e239756
2b8fa0d6-db4e-4007-b264-c73fadfa03b2,44,2020-08-14 06:52:05,2020-08-14 21:52:05,15.0,28,2020-08-14 06:52:05,303,8422,166,1817,5e0c70959379c588b2470ae2adf8f301f9ec9c5ebe7a4966bd5f8c3aaee69cbe
733b022c-8f1b-4221-a473-b2dca0005900,10,2020-01-03 15:04:27,2020-01-03 20:04:27,5.0,83,2020-01-03 15:04:27,1298,6564,348,829,ada2a0973c374f99d1a51c7379b7c3c02a86025cf52898c3c1a1e9a665ca0613
78dcd5a3-007a-4404-8921-59d024db8103,83,2022-04-16 14:57:11,2022-04-17 12:57:11,22.0,21,2022-04-16 14:57:11,4227,9808,76,415,375caf80d83aae7701642501cde378bce9bbafa682443425e361969f1974b655
1ae19594-d5f9-4aac-b038-67e3ef834d84,51,2019-10-06 08:47:41,2019-10-07 00:47:41,16.0,86,2019-10-06 08:47:41,1431,9772,57,1075,920960156fe708a0326c621bdda824d158a3a3a0f64868062200edcb4e65d5e8
afee34b4-e36c-47f6-9449-950588b9c000,89,2023-08-28 19:38:57,2023-08-29 09:38:57,14.0,9,2023-08-28 19:38:57,4893,6579,250,1411,fadcf684b8eb7a7bbdd49e097c74b7d69107617ac6ee88282382b82495e6f9c7
61485596-4a76-427c-b7a4-a8fae8f063f2,56,2023-08-29 00:54:12,2023-08-29 04:54:12,4.0,26,2023-08-29 00:54:12,2024,1042,61,878,9a5d3d677f962c4a70bc348f9adf6c7d605bab69fb215b827f25289ec02831b7
79dc1fc9-00e4-4095-a85d-11c19b178fdf,46,2021-12-28 23:54:31,2021-12-29 07:54:31,8.0,59,2021-12-28 23:54:31,2460,7614,210,304,e4617703b20b8ec4e18338bf288eedb452383ed234fa7e836ba15c13b5f005f8
ed238ed3-64e0-41c9-b572-5ac3ca92b487,90,2018-05-01 03:04:15,2018-05-01 22:04:15,19.0,20,2018-05-01 03:04:15,4972,1816,402,947,1ff3990869beebcc5c02cd955895d22ea0403e8088ae850f4411000d7e3bf713
7d51cf55-db61-4f40-8e4d-51805cd8592b,2,2024-03-05 15:35:52,2024-03-06 13:35:52,22.0,71,2024-03-05 15:35:52,2616,4013,395,1686,5fb6f5e8a7784b36dc63319c93cb3ccdb3d1b9218e6ab95c94f148f23ae730b1
b1692e68-13d6-4228-bf43-58450b9d6d01,1,2015-05-01 19:51:57,2015-05-02 15:51:57,20.0,11,2015-05-01 19:51:57,3834,7778,221,872,13a1fa53b62bb1cd928998604c1162f638df24cc2dc9cb1e3216405cd1fc3bec
1bd25eea-cc33-4403-a205-58ffc1072174,17,2019-10-16 18:07:36,2019-10-17 14:07:36,20.0,51,2019-10-16 18:07:36,1053,3419,471,204,4abfd71bf0e767d7ef010a6b35dc9b10fe3b7f341c8851a3f71c5376312d73a9
ccdb90c5-ec4b-42a5-8eae-19a310b3d778,14,2024-03-30 21:54:42,2024-03-31 15:54:42,18.0,99,2024-03-30 21:54:42,2877,5217,377,679,c152b545ac60fdbda7d7f711cdbb6c664e73ab9bd3e0e9cd211a3e9f2e868161
b7483e9e-14ec-4d38-b6b6-c7ebde5edffe,77,2016-12-13 02:37:02,2016-12-13 14:37:02,12.0,44,2016-12-13 02:37:02,4244,3621,28,1542,80cf5a6c1dac080140a8d9e5cf275771ba37faee55342b0c07ebf895b18ac4e5
bf7fa267-8cc2-4a7a-85d5-2b71d88001a7,9,2015-07-25 17:36:49,2015-07-25 23:36:49,6.0,70,2015-07-25 17:36:49,156,9844,115,1961,30c215796fb0a6acdfecacfdb49e7405e7428f5c2d8221fa40a974975a6d6eb8
b78ed96e-0e34-44af-8b35-8fc262ca9fcf,4,2020-11-23 05:04:55,2020-11-23 10:04:55,5.0,84,2020-11-23 05:04:55,3348,7129,43,1769,e26d6a76bb4a744f8a078dc577fc0950b0eeba1d9e1ad7f851ff38a8bfb92e05
3674a707-d349-4a37-8f0e-58ccd45784cb,54,2024-02-20 07:33:43,2024-02-21 03:33:43,20.0,92,2024-02-20 07:33:43,4288,7873,437,1848,5590e540d3f0dafd20821f2189b4896b2227fd7fbb1ae72859006c10c6f7327a
3443ea61-0cde-479a-9098-9faceab4626e,46,2020-05-06 23:22:10,2020-05-07 09:22:10,10.0,37,2020-05-06 23:22:10,1111,4932,137,1705,c8dd3fea25a7cd5ae033a63a884551042f10e7ff94b3e8a25becfdaa1d7cd1ea
578e131c-c53c-44a3-9c2b-1e9b650409ab,69,2020-06-25 23:54:40,2020-06-26 16:54:40,17.0,88,2020-06-25 23:54:40,4226,2314,92,1726,d7bb0d940e40d717fa919c35539c32e9de52893fea25685e76e0a822689e275f
658ef2d1-6d5f-4da7-becc-18c9d1ad343e,57,2022-11-20 09:57:09,2022-11-20 12:57:09,3.0,18,2022-11-20 09:57:09,3696,7633,419,1588,fd939546c71b4543ddf638b1ffc832a2130781d492574e5a7c284b88510ce926
48458caa-f6cf-41f0-9012-2a2af2e21c9b,64,2022-02-12 19:54:43,2022-02-13 06:54:43,11.0,79,2022-02-12 19:54:43,2248,8574,53,1381,a7f57037a1210b9241756dcf128efb4c6e48087e3899ce48b6483ca5d9525de3
184bff6f-eb2b-41d2-8f40-2e225b74455a,50,2020-05-31 15:09:10,2020-06-01 05:09:10,14.0,37,2020-05-31 15:09:10,3609,9622,129,1618,975e82f6c5927e7d433a5c77e4d5a745e56736eee5d099cabb2ead630d712450
f31eba1b-1a30-4e63-ac5e-5333a24480d5,36,2018-11-21 03:53:59,2018-11-21 08:53:59,5.0,80,2018-11-21 03:53:59,4280,7715,71,484,9263cbe80d7a5daf854a32240a007a8bfdf2a2cbd152589347e18690f84b5553
84066ba5-7161-441d-91e3-07168cf23109,33,2018-01-26 05:05:52,2018-01-27 03:05:52,22.0,4,2018-01-26 05:05:52,3529,5772,366,1862,69311e0164f8c27addb0919990c9e5bc76160f067d4d1db481aec72214909178
fbbb51f5-a607-4e18-add8-2a9d8adcea4b,14,2017-08-11 19:56:28,2017-08-12 11:56:28,16.0,94,2017-08-11 19:56:28,676,8246,62,1115,18e7dfc66c330205c38671fc2ce183e0799157c8034fb4f9f41940a7e5be6294
6e1085f6-7e5d-4821-b274-d09401ac7095,96,2016-09-21 14:46:46,2016-09-22 01:46:46,11.0,16,2016-09-21 14:46:46,3776,9165,180,846,a0fab2e27366193511df5cbbe75f84e636ef2db55ad5582139208ada6e314ddc
7c3c0651-701b-4245-b9e3-b3a5c35f6d06,87,2018-01-24 18:08:35,2018-01-25 17:08:35,23.0,62,2018-01-24 18:08:35,2591,4462,79,1467,43e469bdfc9c2203186218cac032d4fa672401681cd8d2a05c85a3a21c53e917
8b5ac3f1-4ede-4d0e-b9c2-d5114f84d189,78,2017-01-07 05:30:56,2017-01-07 21:30:56,16.0,32,2017-01-07 05:30:56,736,2906,11,1332,28ebb08d6229d795fe7076025090a5a5017e68a00a66adfb87cc307e28c92a6a
4b862913-1a47-4a77-ac9e-1eed248e76e6,31,2018-10-07 05:45:06,2018-10-07 20:45:06,15.0,63,2018-10-07 05:45:06,407,1795,192,751,958229658e4a287c8d76a81755778ec423e7c1fbd958a4590bf0ebe5f6f95fcb
3c6fc98f-5eca-4697-b8ad-4ca0482a4e14,5,2022-01-03 03:09:01,2022-01-03 07:09:01,4.0,91,2022-01-03 03:09:01,159,9531,297,323,9d4330362fdad91df1b35665b454ba85cdd60a6b8de66d28ddf96001227d03f3
7a654daa-626f-4a5e-af29-168990c439e7,73,2021-12-21 00:30:58,2021-12-21 10:30:58,10.0,90,2021-12-21 00:30:58,2173,9667,447,138,eabca5ed035b236d3237305c17789efef608293cf478a63f0f5760048eac129b
6259d55b-e3ab-4568-b7f4-4931d806c2e5,46,2021-06-05 04:52:15,2021-06-05 07:52:15,3.0,10,2021-06-05 04:52:15,4162,9257,113,588,5618014f3a654b38b37898320cac5902628984678dcc5a995486e4170d270b08
860b3090-9de2-480a-a2f9-e47aac4c53ab,97,2024-08-29 02:30:22,2024-08-29 21:30:22,19.0,99,2024-08-29 02:30:22,109,7296,42,1060,47ce2979d228ca8eddc1d80be557a9f2573716be98a065059b70088701f0f114
e307c8d3-ac93-4176-80f7-f15f1db1bc0c,76,2022-12-02 23:45:30,2022-12-03 17:45:30,18.0,23,2022-12-02 23:45:30,1394,6392,10,1503,290bf9b2aee047f0c70226bce1429ebd28a99a489f1a2d9cac8acfee1e5d3644
d59274e8-fb3c-4af4-8aa3-6bf4e6e96646,30,2020-06-30 19:21:08,2020-07-01 16:21:08,21.0,81,2020-06-30 19:21:08,854,6630,35,940,6c9e135ac7f869e36734d5f93de6fb9e43236b7b133ba48819454a6fef249570
c48c4e31-f062-4557-bd9a-3db90825745b,33,2020-03-22 11:33:58,2020-03-23 02:33:58,15.0,46,2020-03-22 11:33:58,4994,4246,264,1437,f27805a1a14f20a11e3b928a3e8bf281a87f20d4b1144b28bcf6d2f7dcbb88dd
5ef2bab6-763c-4dec-9e2a-6576fd3ba354,18,2018-03-16 18:09:25,2018-03-16 21:09:25,3.0,78,2018-03-16 18:09:25,598,3816,319,172,57369720b5d59ee19a1679f8f61d128a1638420270311cbd66c2bc22af41f86e
142616d6-0330-4563-996a-25e6cfd93372,27,2018-07-25 20:54:18,2018-07-26 01:54:18,5.0,66,2018-07-25 20:54:18,1146,6966,227,1898,104056254e006a78149f904b302690156d50356d3ee844e5d033a3d9a9a3e08b
8ec657c2-fdb3-4291-81a8-c0a9dadc0199,40,2018-07-10 18:50:06,2018-07-11 04:50:06,10.0,70,2018-07-10 18:50:06,1773,2117,456,519,678ad84c8454f3d734fefab13b1e3c954eb2edf6f5fce3884f3cd222eb9b7bd5
9f404e2a-d5a1-48c9-9e04-5b7717951a2c,95,2024-09-29 06:59:43,2024-09-29 07:59:43,1.0,34,2024-09-29 06:59:43,1423,8791,458,296,99f72321710986653cda2746eb2d9b99391acd9df5e476ff0a68ad7d830d48c7
dc80d4f9-3cae-42e7-80b2-7a19c88430f7,35,2023-02-21 18:00:49,2023-02-22 12:00:49,18.0,11,2023-02-21 18:00:49,3502,2550,443,969,66d87f114b650e038324aec1dd7474a21733aa203b4a187b5bcc1384373624e3
d340fa3c-5b30-40f9-b61c-b22a5d0876b1,89,2020-08-30 00:28:13,2020-08-30 06:28:13,6.0,82,2020-08-30 00:28:13,743,2254,102,1954,11f61b25c8f665d30ceb43ae67e03cf24ca00daf60884732835ef4c753a11db9
58931cac-4063-4351-b168-57358a523d9c,69,2024-11-11 22:44:56,2024-11-12 02:44:56,4.0,32,2024-11-11 22:44:56,3237,6395,145,858,9cdb504e3137dab1b467bc2b93ef343ecdf6a54fccceee6df3ac2247eff0a2ca
b7823a9f-2af0-4635-a874-3e9edb16878a,71,2022-10-15 13:54:12,2022-10-15 14:54:12,1.0,60,2022-10-15 13:54:12,4744,1045,83,1764,0e6277b5558eeadb6afa3242c4c987c030ca6aed0851cb5a5be977ea96a4754f
48a87933-be1d-4db9-b29c-e12af778aa07,11,2019-01-05 14:59:14,2019-01-06 11:59:14,21.0,92,2019-01-05 14:59:14,4389,1686,320,1525,6e13c0f91763eb90ff222a71beb59b7c84e528bc2ae33cf15532b8ad2f6eebc8
35a19e51-0b08-453d-860e-19ddc21726cc,91,2017-02-26 18:30:38,2017-02-27 15:30:38,21.0,22,2017-02-26 18:30:38,4410,7653,95,189,069261150d5b6bb5eeba4f61db5dc6dc1eac4f3947a30d2afe711ac388eccc4c
94943e6c-22be-4dbb-a694-eaf6b7998db1,90,2019-03-11 18:18:46,2019-03-12 09:18:46,15.0,97,2019-03-11 18:18:46,4778,5263,146,1393,eee5ac4d9145313933f9ebebb79676914fbd5e30b3af768f0e1d74d97e8382ca
9dc9eaad-f49a-4eed-85b3-d6291ca2c870,58,2015-06-25 21:35:45,2015-06-26 10:35:45,13.0,98,2015-06-25 21:35:45,927,2557,336,1460,706e49b0c740631b95660baf79ceae27983b99140c5cf142fc36cdbdf13a4982
3cfe322d-cef0-41cc-a669-519d630510e3,36,2024-06-07 19:23:26,2024-06-08 10:23:26,15.0,17,2024-06-07 19:23:26,2280,7734,203,426,d47f7077be34ac90e54d8ed03449e699e2989c4a60bd7db3def32cd8f185709f
6ac24944-ed4e-43c5-a20f-bfd5cf590b03,30,2023-04-12 19:15:33,2023-04-13 12:15:33,17.0,99,2023-04-12 19:15:33,4965,7038,143,490,ad8809c1a1cde348a9b353f19c87d3c3e35c97235d0e2951f9c64683a3f20cd4
d49df68a-a10a-42af-871f-cb4a337525a3,72,2015-01-31 03:36:05,2015-01-31 05:36:05,2.0,49,2015-01-31 03:36:05,3782,8914,193,850,a91071d09e505493af1f6f071019a931fec9b15109cf095cfba7b41aefe9bb4b
cfb9224b-431a-4b4e-bfd3-ce7314561ed8,20,2018-05-13 14:55:15,2018-05-13 15:55:15,1.0,95,2018-05-13 14:55:15,3999,4400,48,1073,c5757db00f12e09e873268464dd64313293589d45ab531f0d2aef29eb073af37
8f347690-29d1-410c-aeb6-1811d2267c34,35,2019-06-07 11:51:30,2019-06-07 20:51:30,9.0,66,2019-06-07 11:51:30,595,3013,462,458,4a40f60428f33f159a5846221d7a31363f2b5ab3316b697be2c904812237dd8d
9e1aaa76-a7fe-4b48-8050-86d9c3fb82f9,51,2018-06-23 04:08:07,2018-06-23 14:08:07,10.0,16,2018-06-23 04:08:07,2293,1128,467,1042,087dc1a1b47d6d3dae91e21cd4da4c8e31346ca5d1a5d4242eff5b5b79f42118
d1a74771-6c66-44a7-af78-c1a76cd4569d,48,2020-06-29 14:20:18,2020-06-29 21:20:18,7.0,41,2020-06-29 14:20:18,3860,1424,41,1328,f5eaab88685ac0420d9d0651c47233c4cc00fce5659893803d7c3bb85d3f2290
8784ffab-824a-4cb8-8964-843c2413c075,16,2023-01-21 22:42:44,2023-01-22 12:42:44,14.0,11,2023-01-21 22:42:44,641,2491,27,1474,9e66c62751935ac0ad3d1f5f845e5cb036383cb94337effb1cf49b8cf0fe7ebb
21946cb5-54da-4103-bbcf-dc7d7ed80d28,65,2024-10-13 16:49:42,2024-10-13 19:49:42,3.0,41,2024-10-13 16:49:42,316,6429,424,351,2aac637c4288e43939f75de4543ddb653d0f4baad7b01dccb5e0e4e1be6296c1
c9d40d02-d24b-4f8e-857f-189ae3f7caf9,99,2020-12-14 12:15:27,2020-12-14 20:15:27,8.0,34,2020-12-14 12:15:27,2768,1964,165,1096,41f1160ec8eff0e39fb78957a7bdd1089ce9b201e713b074d0902b77b5a62fd3
c92d7f29-18a4-49d7-a6a1-1c54f08d9933,54,2022-11-14 00:35:49,2022-11-14 18:35:49,18.0,14,2022-11-14 00:35:49,4550,8917,226,766,1a198021b6fae9996c34f3a10dd53c83722f9f4ed957a21aa2bb812b8c0e86ee
13a6b263-dd54-4f87-8bc2-2476ee60d445,40,2018-01-22 02:41:25,2018-01-22 07:41:25,5.0,13,2018-01-22 02:41:25,4368,3285,201,1425,ee03e1a296df0828d12df3c70b123881a5848312d06bed8fdf79e0d8e62ebb56
2fbaf34b-f8cd-428f-864a-d8551414943e,36,2015-12-14 08:28:45,2015-12-14 10:28:45,2.0,65,2015-12-14 08:28:45,345,7318,308,178,cee7651acfc6b1a6e6dbd0f6ba0872353210084218e7cec2a1d6a75c053a6497
c9e0096e-ce65-4fa3-9262-a6c67bcf9649,8,2018-04-10 09:22:53,2018-04-11 03:22:53,18.0,10,2018-04-10 09:22:53,107,2226,134,1683,4456a48eef6e922524db0605e9a956114e5f621e8601e4ef6e0e50b10aaca1cd
067b0543-9b3d-4f47-9f36-56f59188b30e,69,2017-03-28 21:42:27,2017-03-29 08:42:27,11.0,58,2017-03-28 21:42:27,4260,4455,288,1895,172117e22af217284c81173f71ba4ba1dc8ad241f5adf62f5082dc4f986388d4
e0c3365d-7ee0-42ea-be6c-953def61835a,61,2018-06-11 06:58:42,2018-06-12 05:58:42,23.0,12,2018-06-11 06:58:42,683,2088,229,529,55ba3baeb592e7c558ab0281355f61bb1889a7c2378a096720b11058b27112c0
4fac0fe1-844f-4fca-9a4d-daf00c4fd1b1,60,2022-04-08 12:12:36,2022-04-09 04:12:36,16.0,56,2022-04-08 12:12:36,883,2127,65,409,c455660c880e110cf7ef83f6f0a5cc069def3cd3a4eb10009dfada7372160ba1
9695d5a1-1d37-4232-9da6-74f037abbb90,66,2015-04-09 16:37:17,2015-04-10 16:37:17,24.0,14,2015-04-09 16:37:17,4213,9407,336,1466,514b434b86f5b6dc5157010fa2b707ab2af3169b55633b31999e08a4a1616a64
d551800e-109d-40c0-a445-80d924677ac3,82,2024-06-11 10:25:53,2024-06-12 05:25:53,19.0,6,2024-06-11 10:25:53,796,8220,196,884,7258966967941e70ed015665c9673da7fc3fe33012765a34b00532b6eff81eda
205f7b7c-61e9-451d-bcf3-ea2bc4bdf597,93,2020-08-17 13:31:03,2020-08-17 22:31:03,9.0,56,2020-08-17 13:31:03,1177,4197,56,1235,9b9c5450665c88ebb7b16277d0e067f79e7955f013c75e597e15b3f7eb8fc89d
5a4ee0fc-545e-4c9d-b572-c4b0cc3c2439,93,2018-02-27 14:54:13,2018-02-28 11:54:13,21.0,87,2018-02-27 14:54:13,2133,3454,468,1572,9ef0bb2a00a3446994fd39af094de9f9878537683d16f3deb8196c5f035c89d9
ff74797e-43c9-479d-8dd2-7e06707c693c,44,2024-02-24 01:27:40,2024-02-24 16:27:40,15.0,40,2024-02-24 01:27:40,954,6011,499,528,2c59596d25acf4f7dfbfa0c2def0b0ad95be276d1f38bfbd9683a6ee568a9d42
91dca34c-1475-4ba3-9fd7-2fc853353833,85,2021-05-22 00:50:05,2021-05-22 01:50:05,1.0,13,2021-05-22 00:50:05,613,9075,33,1127,83f4621ade3ceee8e8f4b43edcf5321c7b3c7a49aeb6b4e0802469b6a9e5ccbb
05ca318e-50f4-4d76-a430-fb6e4a93dad0,43,2019-03-20 12:18:42,2019-03-20 23:18:42,11.0,58,2019-03-20 12:18:42,1992,5538,425,1216,6af60afeeda19656948f5fa4fcaba9f7e4e664596072effb54c2269de928ef50
b15280ba-f855-4df8-b195-12ab526ed424,75,2018-07-19 15:13:29,2018-07-20 13:13:29,22.0,1,2018-07-19 15:13:29,830,5226,329,1772,9ad75494fdd845e7c96611da502183f6023a315f44936c3fceeac3e2bdb9f32c
e166bffb-f13f-4421-886e-741beffef282,67,2019-03-10 19:29:06,2019-03-10 21:29:06,2.0,55,2019-03-10 19:29:06,2520,3919,249,700,3f6548a106ea5fc06f283b977edd78405042b2ff8c2b451d2a1b3e6e4e3225c7
7b0e8c17-00ba-4fad-99c6-025826013f8d,26,2017-12-06 03:30:19,2017-12-06 07:30:19,4.0,79,2017-12-06 03:30:19,792,3064,352,727,40875e81bca74218fe008e8d4fd65be2803cccff2087670d48cb0078210c76fa
1767d856-ba85-416c-84e0-cdfe1628f8dd,54,2018-04-01 13:28:45,2018-04-02 08:28:45,19.0,93,2018-04-01 13:28:45,745,4397,302,1979,815ca33d6df8888c6c0cfb703b836053d4cea10e1678739cc7428d85326790f4
4fd3188b-856e-4e94-ad51-7f85bc506fcc,27,2015-02-17 13:34:49,2015-02-18 10:34:49,21.0,75,2015-02-17 13:34:49,1917,8158,393,1100,3ce72057030b26f8510b3255c2c886986ce7ef6fdd3f696854931cf55897096b
9bc95eb9-6241-403a-a36f-3de71756b0a7,75,2023-10-21 05:05:07,2023-10-21 21:05:07,16.0,40,2023-10-21 05:05:07,3350,2754,98,694,41dc57d422f3af10231f6e1a7044004da1c662e6140f5f940113d582b6fc335e
0a766b89-287a-4623-8f3f-cec77b61de17,22,2016-12-07 05:18:10,2016-12-07 09:18:10,4.0,91,2016-12-07 05:18:10,2085,7804,368,1198,ecf8e8283b140259acfd0ab0e10ea9aa871f815b50ab21caa5b4567fd2df04b0
36e1aa34-6324-49d1-9074-e947f19b6849,46,2022-10-28 10:57:04,2022-10-29 07:57:04,21.0,26,2022-10-28 10:57:04,885,4046,314,1917,e7ab764dd20d5ee9b1ecd3ce4333bc988b1a85b69be6de59e548b045aa05cff5
6489856a-3df9-4d0e-83f9-54ca176ef7ec,21,2023-09-15 00:50:57,2023-09-15 18:50:57,18.0,13,2023-09-15 00:50:57,3702,5287,136,311,d0ec23e46eaa91edd8b8b4a070b06952e42f203701d0eae8647df26ca3488422
4ffea966-1a0b-447c-a5e6-1049bbb349e9,14,2017-06-25 19:29:22,2017-06-26 17:29:22,22.0,13,2017-06-25 19:29:22,2629,4269,240,213,810c6f7f906edbf1291a089705f0ad1ec02bd1d851e454ad4176f27434aab995
1e4a7c62-5372-4497-a117-860d35af76d1,85,2021-07-22 00:26:59,2021-07-22 08:26:59,8.0,60,2021-07-22 00:26:59,2699,4510,330,676,a036bda15f399ed9f8eac75c83c141b40cd0efb052ef95ec8304a64885ee6a99
57bd2b0d-d506-467b-81a1-249434a4fbc7,91,2021-07-21 12:25:05,2021-07-21 16:25:05,4.0,5,2021-07-21 12:25:05,4149,5775,99,803,ac8125f4edb97ecd6cd20a9902912126a5743f720447e7d0d2d9a25c418787c6
c4af889c-4d25-4a16-ba33-8aabe1fd906d,71,2017-01-05 02:06:24,2017-01-05 15:06:24,13.0,56,2017-01-05 02:06:24,405,2983,185,1678,37786608c4f3efceb5587f81ff5a634f09b5eb72befff1d451d5f1b949801fd8
986f0552-2841-4b08-b98b-c6deae46b3f0,99,2017-04-09 07:04:09,2017-04-10 05:04:09,22.0,73,2017-04-09 07:04:09,868,1139,266,1711,189ea61f8db2953b1f54f2285541e91be5c03ed28f0297a25704ae49966d5894
f25d1488-176f-4ce1-bea9-e9f1c8379c76,9,2022-12-13 07:06:45,2022-12-13 20:06:45,13.0,42,2022-12-13 07:06:45,2265,4046,157,1804,94d339709b4779e377ffe2363fbcec6920fad11cfa1bdcfdc494ff72525915ca
fafef814-0c9d-42aa-8118-f8e225bed9e8,64,2016-07-03 18:15:25,2016-07-04 04:15:25,10.0,42,2016-07-03 18:15:25,3111,4059,242,413,4826175e82f9f72b425531acce46854eff1576ea95f67aa2114c5d974d390c2a
94699485-788d-4cf8-b30f-e278ef495a30,35,2019-04-18 17:55:22,2019-04-19 09:55:22,16.0,13,2019-04-18 17:55:22,3832,1429,482,993,dc325b7170f56b4ff49c9cf8e62e4043314edc280998314777dc5a8a5d037e59
6bdbb54d-dafa-47ba-b69c-b6e6abc56688,52,2019-08-08 05:35:37,2019-08-08 18:35:37,13.0,6,2019-08-08 05:35:37,2074,2343,232,831,4965cc1a6c49de77baa5b20f8cf83b1f137e6f744baf835d171807bd2d2474f0
4b92bcdb-d948-4e96-bc7f-f0a58b8b18f5,26,2017-10-13 04:06:26,2017-10-13 16:06:26,12.0,28,2017-10-13 04:06:26,2446,6294,293,1249,051aea182ada78cd2e4ccf2b6bab3e1e0476b3fd21e2f8df9fb675e04b586fbf
577fdee8-7526-490f-a2fb-6481ddb0c8dc,88,2018-09-11 15:19:52,2018-09-12 15:19:52,24.0,60,2018-09-11 15:19:52,557,8118,428,1888,50db6186c0f6035a9503530bd8473b552b0649ef7b18b444bf9d45beeca7a8dc
d68d22f4-a617-41d2-a415-6388a71e1d39,50,2015-09-02 07:08:36,2015-09-02 17:08:36,10.0,39,2015-09-02 07:08:36,217,9921,471,1134,83f904ffe8baae879e7abf8e466d7be520990cc2d45f7239b4329d6acccd4f54
ada2b7bb-5f3a-47a7-acfe-cead0a2870c2,16,2015-12-29 07:55:53,2015-12-29 22:55:53,15.0,85,2015-12-29 07:55:53,2570,9812,414,636,f0ec3eb41090ad9a436c493bcf71ed5732e97d1d8760a4e165f789d871b2362a
0f57a89e-c8b6-4024-a86b-a77fa703b8db,22,2023-06-30 18:58:17,2023-07-01 13:58:17,19.0,43,2023-06-30 18:58:17,3038,9481,393,1902,d41e1617d83dad50528bac907d2df419b7da67d8004b28a5960a66fceee06595
900aaec9-f1b5-48bb-9919-c5003c30de86,8,2018-02-22 14:33:13,2018-02-22 23:33:13,9.0,10,2018-02-22 14:33:13,4403,1099,449,728,965cd1a3552a0312d7816d9874c23aca6afffe59a452e8083fc2eb13602f3cdd
d366b77d-d618-428b-9661-284823238a2a,82,2022-01-09 05:20:22,2022-01-09 22:20:22,17.0,77,2022-01-09 05:20:22,2848,8647,214,1812,1982d55975f2e01a219a143f576a9965758594a8377e2968cfaac92312cd1bc1
5d4ac860-0f73-433d-a72e-d263ee56e185,50,2015-02-20 03:47:29,2015-02-20 12:47:29,9.0,86,2015-02-20 03:47:29,4823,3765,201,182,2e3dd18f6bf7215b04dd4482c3b7df6c944fb0f5165b1c39e1bcafdb6ae3b97f
28b0a02f-7dee-49d4-920b-264c827d5c47,78,2016-01-14 16:51:46,2016-01-15 16:51:46,24.0,69,2016-01-14 16:51:46,4957,7507,45,544,b5a9b58399472f7564cf9df7a60a21f9085e7549ac3438fbe102a0f89b7f3880
6382cc3b-9f6a-49f8-96fc-66b24edc3b67,48,2016-10-02 12:26:12,2016-10-02 22:26:12,10.0,60,2016-10-02 12:26:12,3436,4700,221,1192,682f20f4ce33cb792a39ef128399d2bac850effffe1c567d0c7bc0ee49e37547
2181f29a-5837-48b8-aff8-640de4c1637d,59,2021-03-18 16:29:24,2021-03-19 13:29:24,21.0,15,2021-03-18 16:29:24,2026,7057,80,1589,461240d803454d31eb330e626733e3e118083d50d7901d65e7bdd29262b91ec7
a9d89831-ae02-4403-afdb-1eb98c26f028,84,2020-03-18 18:16:03,2020-03-18 23:16:03,5.0,92,2020-03-18 18:16:03,240,8098,385,1006,fd7c4bcfc9a4e275486d1c8751fe038d7cc710a6957195653714b21f8dbadac7
21a4a74d-741a-4220-ad80-1b715b2d928a,72,2020-07-31 08:17:20,2020-07-31 23:17:20,15.0,56,2020-07-31 08:17:20,2981,1524,465,337,c7d8676599f10647893742827dffa08a9f5d6a0fd0381d2ce376041a255b108a
743f62ee-ab18-48c9-831b-2b05d40888f5,8,2024-10-26 18:54:26,2024-10-26 22:54:26,4.0,55,2024-10-26 18:54:26,2545,5135,200,278,ffc50402be653abb99340064d7569700940816104448665f8cfb4d1c4b32d308
962e74b2-cb79-4baa-9180-2c2a61db9f48,83,2018-04-22 09:33:07,2018-04-22 20:33:07,11.0,49,2018-04-22 09:33:07,1311,7100,201,1717,911672b5e7665bd4c2260e004a0000dc55e5d09e60035e51ed0106f60a1b35b4
17b67ea3-529a-4b96-acdd-e431ec718806,58,2015-06-12 19:56:51,2015-06-12 20:56:51,1.0,11,2015-06-12 19:56:51,4441,6493,173,188,de7f6e12fe8fe62f504ff1e2b65e63d9f74f0c8deb6061e0aa89d3a2499f1c54
566ec11a-4ee9-452d-bf11-708fa84ce67f,23,2023-12-09 05:59:26,2023-12-09 08:59:26,3.0,50,2023-12-09 05:59:26,4878,4766,431,1818,01505334972fdd0877ec28ababb016dd9fcbd51bfe279ca0528206ab20f58fb7
e7809a22-a260-4525-8a9c-5ff12a94c729,69,2019-09-09 18:17:59,2019-09-10 01:17:59,7.0,43,2019-09-09 18:17:59,2470,1821,16,159,c2fabef9486bfd00318cf55f46c70e201cc94f267154e3b3f59f24e5525e6233
ce22b638-e314-49bd-9cd5-8438154c76a7,60,2023-10-08 21:35:08,2023-10-09 04:35:08,7.0,45,2023-10-08 21:35:08,2990,4867,46,1621,4f4b14a784377b2235fef1fa968547da6ad8cd4b0d93647d7d1afa71ad4ec54c
cf20c82d-fae4-4694-b189-daefe9597cbd,4,2023-07-18 05:49:16,2023-07-18 19:49:16,14.0,97,2023-07-18 05:49:16,3119,5910,284,160,929f6f6567edbf8822b25658365db293313971472b6139a86b0da58af456fff7
ed1c394f-1c57-490a-ac33-74da39a9a2ab,69,2020-01-11 16:34:35,2020-01-12 14:34:35,22.0,56,2020-01-11 16:34:35,831,3728,294,1364,795693d3805b09098d2b81a2642c2e2145582947188649dc325fae6ad88a7490
6a6e3881-81c0-4697-839b-45ea74277dff,67,2020-11-16 23:17:15,2020-11-17 08:17:15,9.0,78,2020-11-16 23:17:15,4320,2328,394,1009,82fb5f7b8d260fabc4abd074874875f5f7e53dc0cac4060432b9819efafd5e39
ed551096-c786-46c7-942d-7b2a8a99b728,31,2023-09-04 16:50:44,2023-09-04 21:50:44,5.0,65,2023-09-04 16:50:44,4373,4923,87,407,ab626e2ff059c930d4576c6fdae3dced7b4efe836af41edb7b3252e72956e1b3
54754644-bd0a-407d-80fa-4d03da35821b,86,2023-06-08 23:13:10,2023-06-09 14:13:10,15.0,29,2023-06-08 23:13:10,1089,2271,329,1481,5cdb9261dcb67eae266766b3224d285e77c6db8640045363eca3393c1c583c40
4421feb6-8b08-424f-8dff-460a2dee9184,8,2022-04-22 09:30:50,2022-04-22 21:30:50,12.0,3,2022-04-22 09:30:50,1327,1169,443,501,25080a4fcc9cd9d082242e569e3e7bc37e82393e8abae182a972e46837cfde60
dc2ed1fa-f76d-4f2c-8410-df09bc3abb02,68,2021-11-15 22:43:33,2021-11-16 06:43:33,8.0,54,2021-11-15 22:43:33,1303,4462,493,1840,d82a9fcda1d01edfdff3659ada94fb41241a7adaac50028f693edde8428b6d7f
6e463767-380c-4ad6-bedd-c9e0c8ac84fa,76,2019-08-20 20:58:16,2019-08-21 08:58:16,12.0,94,2019-08-20 20:58:16,1662,6375,487,202,1b29034831c68bfd55ba4ffe52f941097e9fbe1a664f0332ae4eca4fb4d73ee5
3c6aab27-f55b-4301-b9c3-03e989dbfd19,50,2017-05-30 16:40:28,2017-05-31 13:40:28,21.0,17,2017-05-30 16:40:28,2382,8365,272,736,71d16bd48b16f73e9238e16ba6208655edad4c78bbe820472be6afec612d43f9
fda17b94-37dc-46ae-b176-12678ff08c2d,55,2019-10-15 02:47:29,2019-10-15 05:47:29,3.0,59,2019-10-15 02:47:29,687,8411,353,722,664b8402bc37e0fcbc86abe4861f18e1d065f4c5b46d3bf62c1bfe49c8586fac
2b9886e2-f7f0-40ce-98f3-57f4c89c8447,97,2015-01-30 12:33:00,2015-01-30 14:33:00,2.0,70,2015-01-30 12:33:00,273,2989,420,496,77f5ec815ae70f5803508950ac01f14ea93d0017abd0e5beddb9b496df80c7a6
217b3d09-2a2f-4d99-8021-f3cf1e5106c1,99,2022-07-19 22:16:37,2022-07-20 11:16:37,13.0,6,2022-07-19 22:16:37,3439,5355,83,871,337fac4fd7cb22156a32c05a5ac52da71a63d9740c9391c233db4d3e83970729
22d4b190-f36a-4944-beb3-8df80cca3623,47,2022-10-27 21:18:48,2022-10-28 12:18:48,15.0,66,2022-10-27 21:18:48,126,4548,434,151,142be3775ce4d246d25e65b896505ce7f4136fe8702c4ae87a5850e3560e0172
bf01bac8-6452-409c-a842-eedc9c1a77da,42,2019-04-07 14:27:07,2019-04-08 04:27:07,14.0,34,2019-04-07 14:27:07,1250,8078,341,580,4c3ba9233f93805ef4c987c33004eda2ba2d12e7bebfec24b9e895fee1cc0158
6eb9d058-170f-4fc1-8301-626df8661f81,27,2021-06-19 22:26:54,2021-06-20 01:26:54,3.0,30,2021-06-19 22:26:54,4058,1855,69,1975,bf3b9f8602ee0b04c9a6ac8bbc63a184c1958c5b806833c7e1885f8d6a4fa3f5
2fd42d48-3137-48fb-8d72-e43ce7cb6833,39,2023-06-06 16:53:33,2023-06-07 03:53:33,11.0,56,2023-06-06 16:53:33,1552,4938,247,727,b0a24f542c16877eeaba4802eb13db5ed2085b3da187872d14d8bbd8dbeb0f4e
58b318cf-f19f-4520-a583-3fc0491c6a9f,17,2017-07-25 11:12:51,2017-07-25 12:12:51,1.0,44,2017-07-25 11:12:51,2959,4834,38,1724,5accc18a84d5ffd601af14c0b3075ef408a7fd3ea1db85de6b77f6bfe7f163d6
ab78b6b5-3ef9-4c92-b1a9-ec19fb6eac64,23,2015-02-14 23:10:14,2015-02-15 09:10:14,10.0,85,2015-02-14 23:10:14,1090,8804,275,1447,806efd163bcfd7bd1a951c557a0ec8f940cf3e5fb9b1d5973dab1060b1d3d5d1
7b7e8b77-4f5f-48e6-9543-a1f7f3719af3,91,2016-07-06 21:47:45,2016-07-07 08:47:45,11.0,29,2016-07-06 21:47:45,2789,4722,435,1228,e9bbfd34c3d159bb39035169361d43b6675fe4a34d5dab6f381cf4e14073b99e
bd8250ab-8587-4aaf-bf56-af8d53ec0521,75,2024-04-29 14:50:21,2024-04-30 10:50:21,20.0,1,2024-04-29 14:50:21,4600,6469,127,1373,2ff6593e8867581a40ade768d04f208183b14595559a60423d6d47702634fe36
cc561c62-b3d0-496c-8cc5-298bda8ade07,64,2022-11-26 14:53:12,2022-11-26 15:53:12,1.0,58,2022-11-26 14:53:12,739,4682,334,941,708f9583fdfe7b22ca63a314ada11f5471306e6d61377c44a8bf1ef40be101f6
aceb09c8-c89c-4dee-82d5-482351072cba,3,2015-09-17 14:54:26,2015-09-18 07:54:26,17.0,23,2015-09-17 14:54:26,4984,7303,120,1702,b32d1f3c93628e2e1b95ea715c05791f4fa6b2cdae0c053e3194947597b8f2c0
28418812-3eb7-4ad6-beab-e64bf64f4519,14,2025-01-12 02:54:10,2025-01-12 12:54:10,10.0,30,2025-01-12 02:54:10,2329,6898,34,438,e14bd02a24d6407822d6cd8b346520a4c67f03e8b9598a8684bf94a7a6824b66
51de0396-9fde-472d-b5c9-e411e0aa1998,72,2020-06-19 21:32:53,2020-06-20 01:32:53,4.0,74,2020-06-19 21:32:53,819,8552,310,222,ce0a4bdcdb3bc22cd0159b67ea022eca838453026672f0c69d6d41cc618e9dd9
d8b2ed82-15e4-40c3-a34a-6cbfde8b08f0,91,2019-11-02 00:05:18,2019-11-02 20:05:18,20.0,74,2019-11-02 00:05:18,1699,8667,182,1887,c00e24f91d0a0f5cd1b97df9806a67d12e7bec80af9b3c1375d2300e88b1531d
bc2493a0-ffd8-4a33-b270-5f6100b49e20,30,2020-11-24 05:33:25,2020-11-24 20:33:25,15.0,85,2020-11-24 05:33:25,4236,3020,357,955,47b556bef2fe2ee4639166225a25a1aa18605ffa7426be46f8de34e58a9f3583
cbf988cc-b131-40aa-998c-c82c7003d98d,59,2018-07-01 12:18:52,2018-07-02 10:18:52,22.0,2,2018-07-01 12:18:52,336,2646,202,1857,84b146bf1e5fae0454794df5648d658a0741ce31651c934f4c60ef9c150f5bf3
11174d0b-a4d0-43d7-bdf3-b91368e61c5f,16,2020-10-08 13:56:09,2020-10-09 04:56:09,15.0,34,2020-10-08 13:56:09,4749,3542,337,891,9403f437842cefc78dba7319dcd311bf59e7491f12d24fc7f23e248856a120ad
6540c6bd-27d6-4738-b97c-96afa6fa3f9b,46,2015-02-21 10:53:41,2015-02-22 04:53:41,18.0,74,2015-02-21 10:53:41,1639,3271,353,1777,299f0492ece12a966e91e1908b1772efe2b4f2dfa08076bbde192b7e8f122b41
2ef301e8-ed56-4ac2-91f4-835d5ea0c609,50,2024-04-09 06:21:22,2024-04-09 19:21:22,13.0,22,2024-04-09 06:21:22,1902,5212,461,902,b08a9ad68426965847a6b2e32ac092a2877f2aa5554a8a094a6ba39ff682c691
919b69a4-feca-41c8-945a-cd1c4cb40810,87,2016-10-04 15:37:26,2016-10-05 06:37:26,15.0,82,2016-10-04 15:37:26,3785,1223,339,567,8054e49bb8edacf0195d29a7d3cdf41d985438870178f345c2b2c6bbc6cf4544
aa24401e-697c-4759-b479-1286441142fc,15,2015-06-11 21:06:45,2015-06-12 00:06:45,3.0,84,2015-06-11 21:06:45,4656,6504,27,439,cc22ddd895d82c172c4fda7a69dd3f25a8e1ba545fda1840fec31b8accf762e5
19a24ab5-1868-497f-a48b-9e9442e52e41,80,2017-12-30 11:02:01,2017-12-31 04:02:01,17.0,98,2017-12-30 11:02:01,4485,1499,269,686,8e062521bb0404546e390d9599b0ae4dec79d15d33bdc2af0cdd3ec784f3903d
f911ebeb-694c-450d-8214-ec150808f1b6,12,2015-02-13 19:56:25,2015-02-14 04:56:25,9.0,43,2015-02-13 19:56:25,3542,2957,424,795,4b0adc6f23b441a1a661946da0b2ebdda8c9ab795db3770d167e8ef09b421223
233f1c4e-a985-4ff8-bcb7-a27ae8522734,24,2016-11-29 18:53:29,2016-11-30 09:53:29,15.0,92,2016-11-29 18:53:29,1984,6369,203,398,ae09c435113953025b7942847c457d31aa1e51db7f260e7241a68f0d5baab8cc
64771744-7d3f-4711-bc6b-bb188833eb83,11,2016-07-17 19:45:45,2016-07-18 06:45:45,11.0,81,2016-07-17 19:45:45,3960,4604,190,1719,676f4c2741476bc56b022fc66433de0afca6051b2051dbe85e018379a7ba95f2
d842468d-24d9-4e0d-b407-33f0dbdd65a5,76,2016-12-15 13:14:01,2016-12-16 01:14:01,12.0,71,2016-12-15 13:14:01,3122,1029,282,1761,2c3c876537c36d530f8355b5bf535ed63f7a4b6072eb6ba53be106bdf8a7a59b
ff052a10-331d-46d9-8708-52863f914b9a,88,2025-01-15 23:17:12,2025-01-16 23:17:12,24.0,95,2025-01-15 23:17:12,1326,8348,126,987,54b9c5eec568746c41d54ddf6eb8d9636422d42a03da926258c5949302d42837
68c1bc24-650a-416f-bbf1-82f219fda033,85,2018-08-28 00:08:52,2018-08-28 18:08:52,18.0,54,2018-08-28 00:08:52,4886,8548,211,1849,c2c05629615a296ecc3ba2c5e805dfe3c5b0841813648d1b5c531c7765146b8e
70b88982-111d-4853-90d5-31cd39668699,43,2019-02-21 20:07:45,2019-02-22 08:07:45,12.0,2,2019-02-21 20:07:45,3815,4236,467,357,ae48e891731094910cdefd94900bf92520a5253cd4accfc20b11a8f66c1c5069
ff99c3e5-6566-4775-ba11-9f70b846f150,5,2016-06-27 18:54:21,2016-06-28 03:54:21,9.0,47,2016-06-27 18:54:21,1686,3245,273,1305,f0603e9e4c60c5a39b7588b671cdeb795fed312b630fd44546f2785e4d45f0b0
f2988c4f-0c55-4d5d-ac2a-3bf3ec2bf400,46,2017-08-28 14:29:28,2017-08-29 10:29:28,20.0,95,2017-08-28 14:29:28,2206,9257,12,1096,4e9dfe1424f7806932473b60313dedd276c02e3a002e74dfffef98d1872c3758
7493fa7a-ae8c-4650-b4df-26a2e933ad36,63,2018-10-13 13:09:57,2018-10-14 10:09:57,21.0,72,2018-10-13 13:09:57,336,6368,492,293,814273413eeb88fe94147f74ce7d896b9afcfca5e46ea0bee151043b5e79867d
53e28c49-9c99-443c-9c0a-2b1b51aeed7a,24,2021-05-27 05:44:37,2021-05-27 21:44:37,16.0,55,2021-05-27 05:44:37,4610,1697,479,582,79910206006145f5912ec20969e471fa6f05fd56fcd43f6fe612cfc72e589760
7d8c6bd0-a648-4204-bf59-edf5b8d3f790,97,2021-03-24 22:55:40,2021-03-25 11:55:40,13.0,25,2021-03-24 22:55:40,4973,3774,133,1488,adfca4b208853e4e31797b67a28cf54a001be8e7e7b4407098154672e211cd0f
818bbd51-0198-4333-959a-1b27b7ec409d,98,2015-11-14 21:10:27,2015-11-15 18:10:27,21.0,51,2015-11-14 21:10:27,3959,2327,130,1944,7887c7e94734ab7789399f4edd1ac4d5324fef30f7cfd295a9cd53e0627e2c1a
f11528a4-39cf-45a4-ae38-591d760336cd,96,2021-12-01 22:49:24,2021-12-02 16:49:24,18.0,6,2021-12-01 22:49:24,2356,6200,203,1403,eca92499b1cfe5104355cf4812f707e5d40e4d2f3a5b6f5624608045c8c501d1
4a18b8e4-8857-488d-b45a-fb82d4055f03,39,2020-02-09 10:07:53,2020-02-09 14:07:53,4.0,87,2020-02-09 10:07:53,1773,3401,26,422,6d59811e0ddf0db85221b573189aaa910ff196f5e8a6a4b07fc496dbd99e4994
e63e922e-baf9-4c1e-b40d-b5dc501e9aee,93,2020-04-02 00:07:36,2020-04-02 03:07:36,3.0,34,2020-04-02 00:07:36,4261,2633,186,222,038e3e0476214395d2fa6f0f158ce904937ef6c02991928275a77fdc067c1a5a
e4688148-0bbf-4759-956e-c3eba0ef75dd,61,2020-12-30 12:53:54,2020-12-31 10:53:54,22.0,36,2020-12-30 12:53:54,172,6776,482,1826,b97862f6f946efa6897b12fd3fd1663d73eaa509739873b93533dd6434193cca
b7503211-1752-4f73-9d7c-43bd0536c890,28,2016-03-21 05:51:25,2016-03-21 08:51:25,3.0,83,2016-03-21 05:51:25,4789,6426,218,510,b62c3a786ff3e253647e7162626c88e6ff6513a314b644e6a5f2cab6dec73602
fcf64094-f6f1-4782-9e0d-73ac41ab8256,65,2020-07-23 10:56:58,2020-07-24 02:56:58,16.0,50,2020-07-23 10:56:58,2853,3085,141,1548,fa2148d2c2031c1344c968e0e7261311f52a29fd83657143ff61e575c9bdfc04
d8f50d09-4295-4ab2-ad5b-a9bda7d1e475,22,2018-07-23 06:47:52,2018-07-23 18:47:52,12.0,17,2018-07-23 06:47:52,2722,9754,310,1615,817f256a56078900023354d9c7f151fe510f7e206e0321c7a80fad50b784b5a6
30be8507-a6ae-404e-8ab6-80e4c8ec263d,3,2019-01-20 02:56:03,2019-01-20 12:56:03,10.0,35,2019-01-20 02:56:03,4090,4484,220,897,930860eac60f755faee908573645b1700e28dcd8128832e10a7af71b7fb866ff
73b26ff8-88fd-4be1-90b2-9bed3bd75c9c,72,2020-07-04 08:08:11,2020-07-05 00:08:11,16.0,87,2020-07-04 08:08:11,4980,6699,189,1652,f9b5514a702480140b056655b6c894124ff542e44d80202ebf0c5d9627f5426c
c5b0959f-a8dd-47f8-9f36-2a48b94fe043,27,2018-11-02 00:29:51,2018-11-02 06:29:51,6.0,25,2018-11-02 00:29:51,1014,9427,143,1622,e62f861fbc2a6934c5e60ffe23a8ac397512f935e26bbbb2f8c96e876d5a163a
08fc8aa7-f6a2-4058-9a2d-027694b72be9,9,2023-01-30 06:02:25,2023-01-30 17:02:25,11.0,54,2023-01-30 06:02:25,4410,8560,394,133,e7404eef2924b97ff90f42bacaae9e440b9e670a79ecf987d64df2cf3f5b7b9f
8420bd5a-7f47-4ce4-972d-ae816802d74e,14,2018-06-07 02:25:53,2018-06-07 17:25:53,15.0,25,2018-06-07 02:25:53,2822,4032,279,395,50b005284d83506cfb5166337b2d6b1406e1cd4ee8613a0249656fd7d2d2ece4
40c3cc6c-2022-438f-a528-f05beb6cd0b2,14,2023-11-22 15:36:30,2023-11-23 15:36:30,24.0,51,2023-11-22 15:36:30,205,1186,62,202,935866d76c85fce4a4ab3a3d0836723fd54086498fa6eaa34ebda2848928a0c3
5e8b1b11-5458-4f7c-940a-aafe95d9b037,76,2015-12-11 00:45:35,2015-12-11 04:45:35,4.0,19,2015-12-11 00:45:35,1524,1443,350,401,6c40ff69c3b52cf5634f41bf8ad7173c310d8df3d199d5d1fcd830d9f6fe3a94
c814dc90-3167-4a75-ad15-2debad1ac48d,9,2018-04-05 13:26:59,2018-04-05 18:26:59,5.0,60,2018-04-05 13:26:59,4889,3351,368,1143,c29453a22784e2b011c9f15f8d1b8d7b2669c1eb5fd01689f5e29ea3fe063b24
2736adcc-52cb-487e-8b81-99fa9e13febb,13,2015-09-11 13:44:59,2015-09-12 02:44:59,13.0,94,2015-09-11 13:44:59,3945,3150,456,816,b4748ddfe0f90b56c298b19e3db5e8d62e6c6eb57b73cf55a8fa68c623836c24
f6cc04d0-1377-4065-bf4a-944e2516db77,17,2021-10-03 21:34:14,2021-10-04 20:34:14,23.0,57,2021-10-03 21:34:14,568,2061,104,1323,1e813a4ba29ac1ec3734da608060ec2a16580ba1e30cec06b60f56cdd01101ac
c9136d7d-f2dd-4ec2-9fea-db3fb254bedf,38,2019-12-02 06:32:11,2019-12-02 19:32:11,13.0,46,2019-12-02 06:32:11,369,4092,225,1451,0d528f79884493d250dfe7bdcc5736c4b9f9644828aa0824cce390801f2aefb4
19be3cbc-14c3-463e-8655-731fcac3e9a2,39,2021-04-15 16:17:28,2021-04-16 08:17:28,16.0,91,2021-04-15 16:17:28,4660,5621,418,1075,13c52e7a3443845c6a2b63e18b11d79406cb21a14568269e55fa85f989ae0c5d
90a4ebdb-4d40-49d2-916b-f4b21cef0f63,35,2015-05-16 21:14:02,2015-05-17 06:14:02,9.0,13,2015-05-16 21:14:02,1785,1911,251,1613,8776d3717c8a67987dbbb271114f0678124a26d61d577bcf071d248bdd44e27c
ab3da47e-65a0-44cd-8ce7-cf1806cbb5fc,78,2018-05-29 20:44:50,2018-05-30 01:44:50,5.0,16,2018-05-29 20:44:50,2194,7246,62,382,b181935e536e01a599f313fb3db9e047eca633bc612088a83c9e717e461511e8
fa05829e-8cf4-4ca4-a4d2-d7ae4aae90bd,30,2017-06-14 10:29:42,2017-06-14 19:29:42,9.0,60,2017-06-14 10:29:42,4141,1433,489,694,d8756d105296f5366eafaec0ab13d6e78c95bc09fee990ece5d4432abad184dd
49cb6241-f766-4c39-9fbb-cc393268786d,57,2021-03-08 18:39:32,2021-03-09 12:39:32,18.0,39,2021-03-08 18:39:32,3513,2252,378,1750,32f1635548db1904665776c50bd72f080a9f305a57114a468e4aede60cc2cdd3
c8fe46b9-bd59-4554-82b6-adcd0c0fac45,74,2022-03-09 11:30:48,2022-03-10 09:30:48,22.0,22,2022-03-09 11:30:48,4689,7199,358,970,d54b1dba0312c710e1fcc47c1ad54883f9137d6db60422c7615e192372facf31
1c98aa89-ffa9-46b0-b14e-9df047edc049,35,2016-10-12 21:41:39,2016-10-13 10:41:39,13.0,26,2016-10-12 21:41:39,4571,3935,150,1885,c9e8c41160e82a4b0e3c19d5335ce7108316022a68a0c9a5d93dd5ca37670f1a
d9efb70c-afa2-4353-ba88-632ce81acdd7,66,2018-09-05 09:12:46,2018-09-05 21:12:46,12.0,68,2018-09-05 09:12:46,2407,6937,131,1513,272b94b596ccf8e5751fd468ba849462b5bf36ca6cd63764cef77d31c8c8ddf6
d60db7f3-a92d-4a06-af44-f93ccbfd4692,22,2019-06-17 06:30:09,2019-06-17 21:30:09,15.0,72,2019-06-17 06:30:09,4092,7794,154,608,25cfbc939a3b40b1b23ce0ec49d5837781ed5f42fee7fbae8b0953d03fb413c4
0694ea2e-737d-4e5a-8448-c7b4bbfd8bf1,38,2021-05-16 10:56:32,2021-05-16 20:56:32,10.0,59,2021-05-16 10:56:32,2430,4939,395,160,ba7330ace46945a5251c57c6a2e6b9b774506ec92829d167aa9402a366b3fb13
bb123300-023c-45b7-9210-dcb458753ed7,99,2021-07-12 20:53:09,2021-07-12 21:53:09,1.0,29,2021-07-12 20:53:09,3818,3868,255,248,fc816439102c647f50c00fc56738cdb21da9a693a2d679801cb1dba27c9e8e1b
5fb1f8f0-2843-4ec1-ae28-3a012b6b3951,26,2017-03-11 10:16:17,2017-03-12 01:16:17,15.0,42,2017-03-11 10:16:17,3651,2821,213,267,ad5ad4a704d4fadf33853618f370e0befbc43fbb87b611dc0f40353531a5eb61
04084785-7230-450d-8e63-818483701901,1,2024-02-25 03:20:31,2024-02-25 07:20:31,4.0,87,2024-02-25 03:20:31,1464,5459,498,569,f36e202cd8ca09f85e64cde999d00c68c0ac4df092aca9fd9a74c01147c4f424
0212ae44-1620-4fa6-ade9-4389b203c85b,66,2023-12-02 08:43:34,2023-12-02 09:43:34,1.0,88,2023-12-02 08:43:34,4756,6184,440,880,cbac16a627fa2c9e24f82b4123d8f92949968dca24e5d5810813e96d03cd1963
07d8bc69-67d4-4ca1-8abb-bb2645066ab1,92,2016-08-10 12:31:07,2016-08-11 09:31:07,21.0,5,2016-08-10 12:31:07,1589,8051,80,101,3cfb246777599303e0bdcabab5318c0c865ca0db755b0a43196fec4379dd4f6a
35cf7c38-4d88-4d69-9b98-e0a48a43f95a,26,2023-02-22 15:49:18,2023-02-22 19:49:18,4.0,70,2023-02-22 15:49:18,2971,7003,39,1664,1b37d4342480b93494dc3ae591060ae2fd894976b34fddd56afa11ef80afe8c3
ef4f0336-39a1-4500-acd6-6f0f08d5862e,9,2024-10-13 14:40:38,2024-10-14 12:40:38,22.0,28,2024-10-13 14:40:38,3333,6505,421,143,d032a1ad45d89da77028a9b3a451cc0a808d0a59a7f972bf0098bcd69c9db17f
d5fa04da-2d4d-4472-8aa1-c486221b480c,81,2015-09-19 10:33:22,2015-09-20 01:33:22,15.0,6,2015-09-19 10:33:22,823,6287,80,1426,00c2a071afc7a60803dc7027c2150f9bec64e92e89c1f5ff0845b86ca9dfabbc
f2efe6f2-9ea3-4541-939d-a90cd1504306,60,2024-09-30 04:27:42,2024-09-30 09:27:42,5.0,46,2024-09-30 04:27:42,3743,8128,193,852,337e02fe68392df9cb476d46b08b8fa20340d480f64726dcb52b710bef7c9afc
4933b568-5862-4a2f-abf8-63a045ab1e12,99,2018-03-19 05:05:32,2018-03-19 08:05:32,3.0,86,2018-03-19 05:05:32,2845,6514,356,1749,bc5122103e376ce6a0543d2fa52402d619bec15ed83c2f61f8a5f551ba5c11ee
8b4ab3a9-27e9-4c9b-9401-acf4b0fbde8f,80,2022-03-01 09:12:21,2022-03-01 13:12:21,4.0,28,2022-03-01 09:12:21,1437,4468,336,1837,e9203d6c2488fa800ff49d6fd9b4744199a8f75139948570af55f9baa2478051
d4d7ee79-a1e7-416d-892f-1a7111f8f42f,39,2015-02-05 15:19:48,2015-02-06 09:19:48,18.0,1,2015-02-05 15:19:48,2900,2960,153,1723,a80b1b621137dd75b3130c78b711bd068179e28cf80af8daf82818e3af2f7148
091cf8d8-2fa2-4c88-8a3b-c8c01c91b3ff,63,2018-03-07 19:26:52,2018-03-08 19:26:52,24.0,30,2018-03-07 19:26:52,1878,8037,362,1392,aed1b664d491e425bd821bb351a76fea46bc338c0e16f89beb008eccbfbf4347
48e12df9-9cc7-4f5f-893e-73d3658cd933,4,2024-09-13 05:25:03,2024-09-13 19:25:03,14.0,13,2024-09-13 05:25:03,2977,5929,360,1685,fa44838b54481117c5e75a57c5f1e8020992c8410ba3d0adf77ebcf553153268
f1464d2d-a718-486e-a67e-7f8ac4e3c57f,71,2023-10-26 04:19:27,2023-10-27 01:19:27,21.0,85,2023-10-26 04:19:27,2414,1733,268,130,72265e26daf8cd5975f61e9c8e164442b77b9ddc719f11423c0be0b5664af9aa
3de500e3-a559-40cf-8de9-0dfba0eb0eb2,70,2015-06-12 09:03:28,2015-06-13 08:03:28,23.0,55,2015-06-12 09:03:28,1011,2711,405,1993,7b7f2ffc8484f67ed23367c2d8d67f98dfc2c987b045acdc8ec5d93e1ce03536
467dc65a-379a-4b7f-a82e-0351efd128ac,62,2024-02-14 15:10:07,2024-02-14 23:10:07,8.0,49,2024-02-14 15:10:07,2181,9643,165,1569,693a80c2106587c9ad70f4132b898a8eacf7809eb913fc4d10af949540f12ec8
d93791ef-3b6d-4b96-a0de-11317c755085,42,2018-12-15 07:17:32,2018-12-15 23:17:32,16.0,73,2018-12-15 07:17:32,2120,6374,362,1121,74e50ad22c4117148420121994dd8caa153dadae26589d6b1c422bdf6f0d4d5f
3af36d4c-a704-470d-99ce-1812e83c6aeb,83,2019-06-18 19:52:28,2019-06-19 02:52:28,7.0,64,2019-06-18 19:52:28,2169,9059,344,1503,fc9fbde9fde90fee85d1e8c5e32ac7d9e53d93310f7bc82818a99fe05956dc9f
f5e19fe3-f91a-433f-801b-70b7eebef57e,3,2023-11-26 15:00:18,2023-11-26 20:00:18,5.0,58,2023-11-26 15:00:18,1771,3371,496,1990,05950dbfcf94e20052b08fe3c949adc54f38b779da8c53560ac3b25135d7cd34
10aafbbe-cdbe-4591-a488-6a1949ef0e94,59,2015-09-04 23:44:46,2015-09-05 09:44:46,10.0,46,2015-09-04 23:44:46,4508,8061,483,660,204c9ab49667f4ea7422ab4c8a37ed42f33f90e82058e54ef3fa3b98cfddb528
19ed0791-4878-4e03-a8c9-da6e9711f140,4,2021-10-31 21:24:06,2021-11-01 07:24:06,10.0,57,2021-10-31 21:24:06,255,1363,312,979,cd121437dedcae778019376f3d9cd25171ddab811c1d7d448495a2e27fe65d12
94b33352-ff74-4e8b-87ea-b16cee3fb05c,53,2015-07-04 23:00:51,2015-07-05 20:00:51,21.0,88,2015-07-04 23:00:51,1683,8495,314,613,b1efb458880b693c120255cfdf335476684b8cc9d510e1628a6d02b1e9b97699
c9aba1c6-75ce-49e6-95d7-ba26c49ab19d,5,2018-05-23 05:56:59,2018-05-24 04:56:59,23.0,98,2018-05-23 05:56:59,1623,3652,379,1168,e5f594969e48a20c56be862dfc7407fa0ee8cd3bbb8801850fba41ff2de920f9
bf0844ef-e76d-48a0-8d5a-80da578d4950,3,2024-08-06 17:14:13,2024-08-07 10:14:13,17.0,66,2024-08-06 17:14:13,3927,5676,74,1654,9b340f48020876a0ae98883778795b8c391bec186ce972e28cc48bfa332ab87c
eca23afa-759b-409f-9852-3a5b45a6836b,57,2016-10-18 21:44:27,2016-10-19 05:44:27,8.0,47,2016-10-18 21:44:27,1719,9595,408,726,9fbef1bbb680e3563f4cacc6697d943e9ad0f8bb8d55777f84bd480aebed80e1
c70c73fa-a771-4b95-a604-8349e7b4829b,17,2019-01-20 20:05:45,2019-01-21 07:05:45,11.0,66,2019-01-20 20:05:45,3029,1224,382,337,729d8c38bb417c11c281a9c7d1211f39ec3833885bd07d531083e093eeca450a
1c4bf28c-edc3-424f-992b-daca94546b03,13,2018-09-15 13:47:25,2018-09-16 10:47:25,21.0,58,2018-09-15 13:47:25,839,3387,131,1203,d11971ec2b727cea5f7ec7283d1accf6cc3976201fe40783d54085fc9252a67e
0e120406-63a4-4f36-8067-ddd928116637,98,2022-09-07 08:58:45,2022-09-07 18:58:45,10.0,66,2022-09-07 08:58:45,624,1568,490,189,918002e2fcd7cf2d6764ff0ef43cc9357c27e836a5babdf2af5837800bdbc1b4
94d8627f-986c-41db-811f-44ca4516a311,42,2017-10-01 03:21:48,2017-10-01 17:21:48,14.0,61,2017-10-01 03:21:48,2796,2450,126,1571,30ce896a33cff355b878790b48f490535b16c5c58626ee4abdff03a67bd0b4a8
8174383c-e232-45dc-8bed-50ed30462f27,40,2015-11-15 16:14:54,2015-11-16 11:14:54,19.0,67,2015-11-15 16:14:54,2535,4820,442,1797,c618e3fbf84bd5301b2ecae1d19783782c1fd0e3b96b930450a464dc6d9da421
65c06638-c465-41c0-91c4-64ae26ff93d7,46,2019-12-04 10:54:20,2019-12-05 03:54:20,17.0,46,2019-12-04 10:54:20,3435,6113,380,208,c1d16bb1297648d7c77eb79170801ee743d2e3c84ccd3fb7dc2cdfd3bd67b6d9
93d71c3c-8dfc-45a1-85cc-a165727ef0ec,50,2018-01-27 02:54:06,2018-01-27 20:54:06,18.0,96,2018-01-27 02:54:06,4967,9794,384,1586,32a50eca9cc5dbbe0fb9b8d73c3cbd54be5289abca7381499ab4ba1c797f5afd
850d8eeb-9181-4bfe-84ac-4d9b058a50a3,29,2024-04-22 05:35:00,2024-04-22 12:35:00,7.0,15,2024-04-22 05:35:00,1459,6379,183,173,da5b16d43288b06802dfa07ea64b6bce68d20ab9e384032691cc02f52d3140d5
8034ff3a-6149-4ff0-808d-9080ba46eb58,92,2022-01-04 15:48:40,2022-01-05 08:48:40,17.0,79,2022-01-04 15:48:40,2043,2270,33,1746,59945f0674aa32eb06b93d646a5247b13263c5f343de88ff3d9c266f35ca99c9
8a911f2a-2cfa-426d-b239-2a5df654c3e2,46,2020-03-17 00:18:55,2020-03-17 12:18:55,12.0,73,2020-03-17 00:18:55,4528,1580,342,1186,ecfc2a74cee1a5f8dff6eddcc0e55eff478d56fc56356de0e4ef9b163fba4e15
aa30b934-24d3-4b23-a298-836a0b4c1900,83,2023-03-11 09:23:22,2023-03-11 12:23:22,3.0,24,2023-03-11 09:23:22,3631,2459,26,1928,45f7fe5cd1cb4c5812887c357903e89be609121f1e05bdadcb686e26d959e535
237e0172-afb9-4336-8f5c-59256d61a721,42,2023-08-16 05:04:27,2023-08-16 06:04:27,1.0,7,2023-08-16 05:04:27,1614,4539,122,792,34711be7a208d5f29d47ae502926afe70ab22c180c7f2f375f44b40835da78f8
3668ce33-91cb-4983-b02c-6bf23d517f5d,61,2015-10-25 02:06:29,2015-10-25 15:06:29,13.0,49,2015-10-25 02:06:29,1332,8250,381,270,812a4f48445fa58a14e73f8913f316877f36a7cebb46f9265f04a09459ca3b6c
36c7dbea-29a7-4995-bf9d-d9a45f8a52b2,71,2021-04-29 23:36:23,2021-04-30 00:36:23,1.0,22,2021-04-29 23:36:23,1891,6365,159,1531,d7905cd9903679a10bd7a5221ede171acbb93ba949dae8747c80ed683cf16529
a837867f-32c7-4196-8a5f-f398ebb116ed,17,2020-10-14 08:20:56,2020-10-15 04:20:56,20.0,58,2020-10-14 08:20:56,3525,5311,81,1674,384f11315430ca10002f7d27f95ba5c00804cc8feed9692c16e634c20db131aa
46a7d6b9-2b0d-4468-9d60-85d3dd851ecf,79,2022-10-31 07:34:24,2022-11-01 07:34:24,24.0,43,2022-10-31 07:34:24,2621,8425,75,1115,1d2988fdc11fcde439366cfe69ffc6eae0566bdf03948e6ab7decebb46209390
11ff404b-8cde-415c-8aed-aaa6b53dc08a,70,2024-01-22 23:29:09,2024-01-23 03:29:09,4.0,15,2024-01-22 23:29:09,1978,2830,119,1529,1e668197a295def3a946e62f1d92a1e6c7c02fe9ee817b33fb99e9e8dd5006a5
d87ac352-368e-4c6b-9cad-ce9105fe5bc6,29,2024-01-05 11:40:31,2024-01-05 13:40:31,2.0,23,2024-01-05 11:40:31,3009,7028,190,1835,a02d760deabd6f5537d46a541ccc7efc3f3be1aa839c58defd5bed79fa3a8368
206b62fe-2466-4866-b154-e1b54de1e9d3,1,2018-03-31 19:18:48,2018-04-01 11:18:48,16.0,3,2018-03-31 19:18:48,2618,7458,276,769,ba519e21b4e94084ac85c2c12d39191ed184320809e2c7c0657c3cc71290e667
d49b6bdb-9629-4657-a3db-f1b1f0f32947,43,2020-07-27 05:02:30,2020-07-27 07:02:30,2.0,58,2020-07-27 05:02:30,2657,9700,227,1148,f2dc229eec4cfbede70ff6ce0cdd7a850514a6a7ef2a1226ad75c60bc26ba634
e8458e0c-9a78-42f6-bb36-4c46e0d21ab8,72,2020-01-12 08:27:05,2020-01-12 21:27:05,13.0,17,2020-01-12 08:27:05,432,6106,344,100,49458c609d72d5795ccc742fb7c7f8c423e7a52ad191458c46c7ca7a61c71df8
a09c2b14-413b-43be-81d3-7132182e4ed5,11,2018-04-24 09:19:55,2018-04-24 21:19:55,12.0,49,2018-04-24 09:19:55,3579,5129,425,983,47f1abe195a0d3c1468cfe8d0f3294a65cf10bea03c9e08bd1cd2ba466a392b0
07cfa1d1-e8c4-4ac4-8d8e-d20eb8cf4c71,41,2022-04-03 00:05:38,2022-04-03 16:05:38,16.0,99,2022-04-03 00:05:38,2085,8419,355,333,da877f7bfd9eded49b49fe0ca681f5409a048dd8b39c5da23a4375a6816a8609
4c76427b-ce94-4022-92e4-073b12ecabfb,72,2018-08-15 08:01:05,2018-08-15 23:01:05,15.0,59,2018-08-15 08:01:05,4951,4456,328,1463,180d5179ca3090f2fc3c55d0fb092d07565c71f958714c34f67748dadbac3e4d
e81e6a1e-893c-47fc-9521-234d7b7fe292,71,2021-10-12 03:52:53,2021-10-13 03:52:53,24.0,85,2021-10-12 03:52:53,2561,3791,462,398,400304db1e1ad28f5da696f2a8251002a6b9037559372847b33647abbfe8887a
199cffbf-e66f-4822-9f63-c82fd501ad5a,80,2021-08-11 00:20:37,2021-08-11 11:20:37,11.0,16,2021-08-11 00:20:37,4999,4141,316,491,1420d4262a00927d5450015dc65a07665cd173b19a961e00ad810c6732bbff87
85bfa406-7a97-48e5-a8e7-1cb7cffab4b3,2,2021-06-13 10:02:22,2021-06-13 11:02:22,1.0,14,2021-06-13 10:02:22,1524,3396,169,1552,dcdb7de55983dd1b0d4c62f317b601f5654bcd1d0c86fe0709c43cd6f366407c
37d5fdaf-5869-40d8-89ee-83502c38e0fe,72,2016-05-21 01:50:57,2016-05-21 15:50:57,14.0,49,2016-05-21 01:50:57,3492,5841,139,1096,c130e124751de4d3407081725d0fcf000cd22410ecf3bc6e733511f8e2c91c5c
78ccbb03-f196-441e-81e5-19743cfd0a29,57,2024-08-21 02:38:07,2024-08-21 20:38:07,18.0,95,2024-08-21 02:38:07,983,6007,312,1298,60aa6f818051b43674980c722d68e227b9ea523f358a45339e3aaee781ccfed5
5b71246c-1211-4245-936c-ec7348fad2be,20,2023-12-07 13:36:31,2023-12-07 23:36:31,10.0,27,2023-12-07 13:36:31,2929,5810,432,1812,80f9d6dfb0cf737212dee4cc57fcfbcb9cfc5d0d3a3a7551b50c806bd2564996
70e5e47a-7f38-43b4-a722-ce50273a855f,83,2016-06-23 11:58:40,2016-06-24 10:58:40,23.0,4,2016-06-23 11:58:40,1306,7129,76,1318,54321bd7f3ddee5f6a15dd5f5669a435374e110a740edd858fac188e245a0e71
de6da529-5f15-4e53-93e9-70ad196fc8f1,21,2017-08-26 11:21:18,2017-08-27 06:21:18,19.0,77,2017-08-26 11:21:18,1272,2368,353,986,a1741fd4a7cdc0f6d4cbd08e57743f58004c7e116d2c1f587e3805be05c0dfab
e295ea85-e516-47bd-bff0-d2e8966ae54f,51,2023-01-27 21:24:09,2023-01-28 01:24:09,4.0,70,2023-01-27 21:24:09,4832,8322,284,136,c49a764cfe5af3f79b8076d6b89a30b3c0cfa6a1c14ecc476519a2b906b474e7
e10db51b-daee-44ba-8469-3886b2ccac0b,38,2017-11-29 23:10:56,2017-11-30 13:10:56,14.0,92,2017-11-29 23:10:56,3708,3382,394,1000,ec56ca20f685bef95055103400ac6a9aeca80b971a3be7ab44f7f05951edab96
c6ca8233-5122-4454-bc5f-3cbf486637b8,11,2019-03-22 01:55:43,2019-03-23 01:55:43,24.0,23,2019-03-22 01:55:43,4493,1832,366,1706,b81d7a59dd870567d02e7a6a93e6661d9b8d75fc01ce218bb0c0047c71fd041c
6c308ff3-1c3e-42d6-93c6-6408667d8ec3,99,2022-02-09 23:37:05,2022-02-10 02:37:05,3.0,48,2022-02-09 23:37:05,486,1605,348,1771,de204450e9a2a015d92f17ae8ad55cfdc2ba4084b13e4c0e6509cd388ded34b5
c6cf0d63-aae4-40ef-aec3-897082ecf319,98,2016-01-02 05:41:14,2016-01-02 11:41:14,6.0,31,2016-01-02 05:41:14,4163,1101,320,1523,bb694701c96797ed9b925b219a23760e48d0607f1503a1a1992deee6a08be35d
a7c57aa3-8271-42a6-beb1-2cef1bb81cc0,72,2016-07-03 06:41:25,2016-07-04 06:41:25,24.0,31,2016-07-03 06:41:25,233,6634,176,225,62a81eb7d70b6c95b2427d20a3fbff8fd054e8a6431908168dd6203887bb40fa
6cbd9ecb-a635-453b-9c3f-238d0984b2d9,40,2016-11-19 00:12:20,2016-11-19 20:12:20,20.0,74,2016-11-19 00:12:20,1131,9345,383,552,254d69c129be03f7e5ccf0b63e9994b3e8c52ab5a2c1e3c38853d288f0165491
d5af1337-cc6b-4271-976f-96d97e33d328,63,2016-03-18 20:22:08,2016-03-19 19:22:08,23.0,98,2016-03-18 20:22:08,1483,3993,476,561,f46a58c7397a1d762f025358dd005d3ea4b7d860022ac457044ba71997e892d9
781195b1-bcbb-47ea-8ad8-2bbcae437c87,32,2024-09-12 22:45:06,2024-09-13 03:45:06,5.0,96,2024-09-12 22:45:06,4529,1763,24,1501,56cddb388efef706d9dbe8143391debfd3c3fc3d8202ac215425f9437d747e6a
d23719d0-4784-40b6-abad-d3874310c38b,57,2022-11-18 21:21:43,2022-11-19 08:21:43,11.0,78,2022-11-18 21:21:43,3794,5558,480,184,ad41077ef1ed285e79356496d2c87f6136b4e5927fd51f688d9e146204903d0f
e94fa230-bc8f-4483-aae7-c90fb3d284ed,79,2019-09-25 05:52:06,2019-09-25 19:52:06,14.0,7,2019-09-25 05:52:06,1411,9660,27,1202,1b4d86290980b8edc748a5be4d8ce4347ad68aacfa46172558345cc3fca34d46
1211addc-c73e-4382-9d20-37a754aac8c5,74,2019-09-01 03:46:27,2019-09-01 08:46:27,5.0,89,2019-09-01 03:46:27,2785,6425,252,1530,18e999e5dd433b178b9818afe079ddc36287f5e35007e7b6d7dbe47adb88bf94
2c6ca079-03b2-4c34-a569-744d312b7802,47,2018-06-25 08:39:13,2018-06-26 00:39:13,16.0,45,2018-06-25 08:39:13,916,9986,179,1538,83ec083497099c082ff7ac195a470fae8cb603c3ea8e681f19cb2d37c165afcb
bd24fce0-e86c-4ea6-bfa9-619c4e15103e,98,2022-12-21 16:35:46,2022-12-22 09:35:46,17.0,12,2022-12-21 16:35:46,704,7172,363,240,9e4c55fe1b43e234deb83afc5621d75629059a13b0ff2121c34de15e4f3160ba
e925603e-85f0-404b-bf2e-e9c3ec9e5560,96,2019-07-05 22:14:33,2019-07-06 10:14:33,12.0,62,2019-07-05 22:14:33,237,5718,460,904,141e9ede3cb1e04c643bbca9e58519da5d30dd0a7cccfb5de8a7d421701cc564
71518755-14fb-4306-a789-582804ac7348,67,2024-05-01 08:14:26,2024-05-01 16:14:26,8.0,84,2024-05-01 08:14:26,3689,7486,420,886,b7083db0c8e703cc292286c07211381aefc836db5d3d342313c91fcea1b43301
700d6bce-19aa-492b-a119-d743e4eaf35b,63,2020-02-10 18:40:55,2020-02-11 08:40:55,14.0,5,2020-02-10 18:40:55,4836,1963,175,1319,53d586f98cd841b4d957c50600af755d8826be0e9adc798a65579f1a6ce0813d
4b6a0a79-ba9d-468c-8c75-9e8b3585da01,75,2022-09-29 22:41:24,2022-09-30 15:41:24,17.0,91,2022-09-29 22:41:24,2699,8231,475,1774,cb27d7db6bab8763656f283c59b3c5cefd9f9955d7fd411b55ca06a8804cd436
30704ba5-53db-4494-8948-caa5cceb43e3,17,2019-10-03 04:22:44,2019-10-03 10:22:44,6.0,52,2019-10-03 04:22:44,2211,4112,338,370,a6b30daeb54581ff6532501358cddf0f46ddd3eee8c32fb81e40ae026906b656
22da9476-d1ae-4a6a-910d-4307309596f2,52,2019-08-09 16:14:13,2019-08-10 03:14:13,11.0,52,2019-08-09 16:14:13,3588,6287,183,699,232e529cc2815ec64d01a168f37da80756ccc18b930f79774fbaf796955c8f8c
f72ac92f-5f7a-4f5a-b624-674514dc6368,52,2019-02-02 08:20:09,2019-02-02 11:20:09,3.0,16,2019-02-02 08:20:09,1898,2097,277,1491,f99f273ed579e51772c031b489848a3aa9ba833af787c6647f9543b1e2a35407
30d38b49-9083-4d17-aeda-e922ee20647b,24,2016-05-10 13:47:28,2016-05-11 03:47:28,14.0,80,2016-05-10 13:47:28,3066,9011,104,636,5c1dc213d3cc76a58083bb347e818b9d2744e9c76c4da652d20ce4227584988d
a8063248-b0ac-4baf-82d9-27bdd8590727,75,2019-09-29 03:08:35,2019-09-29 09:08:35,6.0,59,2019-09-29 03:08:35,800,8407,297,1506,10de968e52fb24ebf5cea83a311d499608d3ca914d2345f8d41df2bb474eb004
52ede845-d21a-443a-aefb-0679d1010f0a,87,2019-06-21 18:53:02,2019-06-21 20:53:02,2.0,64,2019-06-21 18:53:02,774,4523,461,827,32ece10e92a40e3951cab6c8ac7c8844d08cea58d7639128fb462d061970658e
d6fd9da0-10be-4406-b575-88bbaf87d5a8,21,2024-01-24 04:33:02,2024-01-24 17:33:02,13.0,86,2024-01-24 04:33:02,4205,7451,429,160,37920dbd3e7a3d660939166bd30a552eb84ff75265f27d57d3678c2789f83d20
553d03eb-f78a-4edf-8232-ad437ff2675f,25,2015-03-26 03:25:30,2015-03-26 23:25:30,20.0,60,2015-03-26 03:25:30,972,3535,125,1435,d47a2a8e09e04d7e295246073ac5165652add53b25781953662d2ce5ca67ef3c
26931b99-cf27-4693-8dc5-65b48d7f3459,60,2025-01-07 21:56:07,2025-01-08 17:56:07,20.0,91,2025-01-07 21:56:07,4207,6958,195,599,21b7929cbe202b79a46a1a1109b5d1b7162b661b879e812f94f9e589fc1a1da4
4bce8a25-1cda-4595-a586-3cad7e737d0c,67,2021-10-29 13:56:22,2021-10-29 20:56:22,7.0,70,2021-10-29 13:56:22,342,7700,23,1289,139a4b6a7e0850e6bf06b72a40fa57c01b8b43aee38701e73595d061a7b7c213
2b767954-92ee-4e1e-a616-ec1add7add44,51,2019-03-09 04:46:07,2019-03-09 23:46:07,19.0,85,2019-03-09 04:46:07,2571,6940,47,1098,8083f304339179d4410fbec3ce66f5ff40ef2eb9a6b81333829599cc2692f6ff
f943ef3e-8f2b-41f4-a6a7-5dffee97a649,21,2015-04-09 07:42:39,2015-04-10 04:42:39,21.0,9,2015-04-09 07:42:39,2675,3480,423,1433,d6179dfa24e2251d354bf553aa7adced30e89bf99c5b10b208a6826dce2139e4
812c8310-0c4b-4362-9839-f725c5e73fe0,90,2017-08-15 07:34:10,2017-08-15 09:34:10,2.0,51,2017-08-15 07:34:10,2927,4180,281,1487,f84d830680cdc94230177d0a77f6c984483ce4e9808d04160c703ef5d5c7a161
111316bb-1a94-40de-86ff-784b5bcf500e,19,2022-01-13 14:11:34,2022-01-13 21:11:34,7.0,48,2022-01-13 14:11:34,3058,1909,370,467,b021b6ea016df70c4a5a193fa29395f5e76cbc47b51fd0987a782009120d5152
9ab8e0cf-0485-41d7-9a74-c6a1dce39104,41,2023-04-12 18:09:35,2023-04-13 11:09:35,17.0,80,2023-04-12 18:09:35,1615,5095,135,1729,30bac479bc00e7ef0cf2206235d245010aa4470f95418103109718e2fd0ff046
5532a80b-0d56-4655-b52e-9e4ca1f09342,50,2018-10-10 02:45:54,2018-10-10 14:45:54,12.0,39,2018-10-10 02:45:54,4436,9425,144,436,d4e6a33e119e8dc5e7615620c3b50c8e06b66bcd6d1ea333a5ddf19e4865c591
7e71f1a5-e2e9-477f-a064-735345e0cf4f,99,2019-10-05 10:44:07,2019-10-05 22:44:07,12.0,37,2019-10-05 10:44:07,936,4140,161,1217,0e9cbeea3a11bc081512a1dea9ad722e847acb48fe22dfce2b0caa5b1ecf20b7
5590d7d5-0c58-4fc5-8438-741048d901d9,59,2023-09-11 18:01:38,2023-09-12 17:01:38,23.0,36,2023-09-11 18:01:38,4284,9443,137,1770,83bf91ac60b8e9a60e53058fde0bce827fb37e5e8cfd8acdad322b1cc9fe7624
866e99b5-f4b0-441a-b5f9-eae91ea8a972,90,2017-01-12 07:38:44,2017-01-12 09:38:44,2.0,79,2017-01-12 07:38:44,1911,7294,359,1299,cf8f8cdd1722aeeaa3bbf95c9279c87f752169a6046dfcfba70193c37fa9c76e
8d0d12df-0ac8-4b9f-b5ef-91071f8c0b7c,35,2020-09-15 22:40:17,2020-09-16 07:40:17,9.0,19,2020-09-15 22:40:17,2048,6928,160,389,0f6119bfd0f6f38b2da51276616fc9390ac3b89deaf4c1122114681d453c12fa
1a7b0776-6ad4-4495-8c45-c825b124721c,92,2024-01-30 00:10:52,2024-01-30 02:10:52,2.0,95,2024-01-30 00:10:52,4692,1180,399,1623,6c8c7d9abccd414f63c1bd6d06260702e632768572fe6865233b5f3219b4b0eb
ba250f4b-c96f-457e-9d2e-00fe10c13bc6,71,2020-08-02 06:23:21,2020-08-02 18:23:21,12.0,3,2020-08-02 06:23:21,908,3195,179,1463,0530cdaebc65347fa872ac3d5bb528be40e44d2a7c0006d31c14f4053e77503e
b2d850a5-8b8b-4f0a-af09-580acb86de73,68,2021-09-02 07:58:50,2021-09-03 05:58:50,22.0,61,2021-09-02 07:58:50,1699,3201,22,938,804f558af6d864ae7ff59d676c5862c32a3b4a009abb1b1527b4c359e6761871
e73799a3-a0ae-4fa3-9614-b2317eca8e1f,98,2020-01-02 21:19:45,2020-01-03 18:19:45,21.0,52,2020-01-02 21:19:45,3931,2520,52,1422,d9b08590827d2a6f33048bf36f01a1303ed54923644156f405648e9f5f84cf32
ca6bb45c-4355-474d-9f28-c293ee5accf6,6,2016-11-16 19:34:05,2016-11-17 02:34:05,7.0,59,2016-11-16 19:34:05,3295,1787,263,1581,bf9adfa1142ee00440b08ca3ac0a14a29ea3c6b345e4f49b1cbda0cb9a9b5e0f
aab2978c-e2c7-4839-8b6e-17c368cc4eb6,38,2019-11-06 09:25:51,2019-11-06 12:25:51,3.0,37,2019-11-06 09:25:51,2473,5352,51,718,56e163295ee10c264ec4769b2e5d797a27dc9ba83a1d29706af4773cad2f1d49
e5204e30-b8f8-4ff1-baed-f3aabc58b2c5,95,2018-02-20 00:35:51,2018-02-20 12:35:51,12.0,81,2018-02-20 00:35:51,3925,5663,499,1215,f73d07d0240dbbeddae674c8ee42e8b4a3918f50cfee8836e2c6ec874b788584
807c214d-38cc-47d7-ad9b-f5e3dea431a0,2,2021-09-10 12:29:52,2021-09-10 13:29:52,1.0,19,2021-09-10 12:29:52,3833,1189,377,550,b18a209757eeee3b8f44391c0bb5ca8175025502e234c85a5bf9c33a30297cbc
c8f1f96e-1a4b-4169-880b-fac62f832b5f,43,2021-11-30 11:52:37,2021-12-01 02:52:37,15.0,36,2021-11-30 11:52:37,2425,7662,191,1556,2f8915c8f2cafd7cc94966d7bd58e7cc6696a152255e1362b35d88563a863972
