Audit_ID,Account_ID,Action,Action_Date,Creation_Time_Foreign_ID
f6e4cc6e-fa3c-44a5-a93b-55b053d99ac6,4dd8309d-bf62-4571-a39e-51cb0b4f730e,Delete,2024-04-16 21:41:43,d2acb419f66470f7ea18eb84a2c244324e44a1c14c6e91c8591aae63f8064d62
45b108c2-0d2f-4b1a-8d93-c4cf1ebe12fa,fa3afade-3b2f-4405-86eb-20adc0d1993e,Update,2024-06-10 14:28:24,a745fef897db438d16909ad174eeececef8ee624946bc21d4718ac3e29f70e99
c6db16bb-3cd0-4ac8-8ae7-d1b5673a8f45,8d4b10e5-f41d-475c-a97b-0159cbe32678,View,2024-12-04 10:04:42,9fdb5b6e3e23655d0933717b4c19f56950812dfb44ca97df20391ba39a033547
3277df2c-b02b-4b07-9367-26cf1da86fef,0fe2136e-a479-4dd3-b1c1-0f9e1af22759,Insert,2024-03-06 02:04:14,d24dbcea9df4b6d7135d13adca30bee1b362e2b15bab1dfaa2521f5759d8526b
96f862e8-4fe4-45c6-9a40-a06620b72150,07771289-12cb-4c70-86f5-ee98abf31bb6,View,2024-09-30 23:59:31,1966ddf98a2c1374776d1601585da98fd452d824907e87be67a516b68f44adc8
f0d8326f-1360-440f-945f-3eb14e94c552,c77f27d0-e18f-4466-8de4-235aa68a9524,View,2025-01-12 18:49:58,1d781de5a80cbad45899985a12c84f509463c4f4681bf92c8dd024647ccc6255
3e12d7d4-9fa7-44dd-8b5b-bd5c1d6400d2,2221d33b-8729-45c7-a78b-bded2a98c1e2,Update,2024-05-16 04:32:32,e0cde622324503f3308b60416db3797a0c67752de1510d2052997e3b82fb4b05
d1909ce6-a493-4314-8a18-d8758c29a17d,ec63c4fc-ca40-474c-8a61-3c9a6f5e20eb,Delete,2024-02-05 22:24:52,48d63a8e3c725f0dbbf4efc5a97dae961cb3898301e8ff23ff828889cf8774a5
19fe2243-b5f6-4720-827b-8a412c4e4614,30f39fba-e722-49b8-be9a-9516024573df,View,2024-03-15 09:04:14,4ec548416dbb025807862ce95435778b96a090313a9eb6f38c4ebe88b57923bc
d015fb08-bf34-4209-b419-8691256e6554,8371a7d9-876c-4d12-a7fb-cc4983a554b8,Update,2024-05-24 12:51:26,259390a83ba3913c2c5397bcc0712d4618184f2c3677ccae9bc71ed78aabe8e1
534d0c96-12ee-4eb7-a8bf-e1eff9078908,222ad120-9c8c-4561-8c5e-0c20f3c4af2e,View,2024-10-17 10:55:40,867d9b9b66d739d9f2fe669e9f2ead99c881671adf2f90b019db271284afafdf
94116148-6de3-48f3-bc81-637907ba5b65,11140734-b36d-447a-9990-4b8553ef489b,Delete,2024-09-04 18:25:37,f61a8f98cc27a21b36a0878a3a21b44e599acd51f2c596650f3031774453bb7c
a8b56cf4-96a7-4c4f-9c9f-6ea77109aa90,e8383d07-89b0-4b1b-ae5f-65ce87af4c44,Update,2024-10-27 07:35:52,870a4c2cf1a67a7cd84ed9871f8d3a670c8b3bf2e4e6eca262f18201dc5d62bc
b81bc507-02fa-41a0-b7fb-e8680fa4c91e,f1971f65-7d5c-4260-867d-78afa2cfb0e4,Delete,2024-11-09 14:24:45,3ff975024465a86193a0976702a420c68edeb0168b64073901f49375ef9c094d
bc3d2f26-f622-4d8d-8cac-2d5400fd01a7,99e6451c-c92e-48e4-88a7-cba39d609413,Delete,2024-03-25 05:31:10,861f33e56144b17b1be9e1ac3c8826074942a2223017fb95be7c14c514442ec3
f6860380-bae0-4b02-bbd5-b7d58c91a8d4,cce1dc75-289b-45a9-96ac-39ee7073ec7b,View,2024-06-05 00:16:12,e6ff8eafbf6016eeb5b195b817c5640d8959df01a2e6234cf06838b2eb103c74
a7a42834-37b4-48a4-8af7-10d03cd2237f,3ec6ad52-f2fc-4717-bfa5-86b7f0f2d56a,Delete,2024-05-26 10:30:02,503b5bcdfc3a9396787e5c3b354d6b4d9b206c734b7e87f6e202c515631a1776
90d78e5b-a3a1-45bc-8fda-a4ce21de227c,fb5fce72-cc0f-4752-8858-87dba1dd7c76,View,2024-02-26 11:45:32,9a92168976edd779c06fde44280fcb217d28d491fc575b88dcfe1c584a47cad4
f1dbf6f7-573d-478a-b554-d08ba7d7c21a,6b4d2f9c-fb85-45a5-8c86-21a43f2efebc,View,2025-01-04 17:00:18,4733c7f770eac2dbe10ddcca76dd4d095715a6c3b0c57515bebdd2f4e1627874
a2981153-d365-4972-8ad9-4beb215e4ad4,1902e2c0-8aa0-49aa-9eb1-91668151c910,Delete,2024-07-24 03:32:37,6a36bb544f4bd0070cf1a9ee9c5b6a6b9bf483f8d6e26682c9224be766e43913
c045b5c7-74db-4ac1-975c-0bb0296415ef,37400f5c-dca1-4b85-a547-3e8f28e8b269,Delete,2024-12-16 09:16:03,c1ea19b93639bd2c94be2e9132582a19e03279cd3b175eca53761714febe04e3
bd4c5853-6b85-4796-9ebc-88946e6adea4,17b5683d-5584-4aa8-84d8-7bd97c4e3707,Insert,2024-01-21 05:52:05,4f0cb3c466ea421782aabd995d30f7c781a6c900e67a862494ead22afff716d4
a6fafbcc-ee14-4af6-aacd-6489d32e03a4,708193b8-ee39-49dc-a244-9bbe2563f8fa,View,2024-05-05 05:43:15,b91a612d31483a7cb971bc915dc029a5b45a8b5801e05140351ef39f56976c8a
fbaea613-639d-4ec8-ab11-733220ef29c7,f6117eff-247c-4697-b93b-0cd726b1d6cb,View,2024-07-05 04:27:38,ffecec3845cb99c0fcddaadca22e477b85b544eb4f7887ffe699903286961b99
276f698b-ce11-47bf-9cb8-fde58eeec237,6ae36cad-3f8d-424a-be2a-7f4d84fb087e,Delete,2025-01-03 23:40:26,05749704ca7def871874ae81a06a5457e111c30066d5bf6c0ac099f15cd7adfa
42ce0eab-90b4-4aad-b4b0-77e23e9369a7,b36007e7-6e04-4512-ac15-d33374988fcc,View,2024-02-14 01:40:04,1e188ea56a739aae1fc0e0b8f351e8be23cf1ada2bb942e1fa70493bd616b9a7
1a296ae2-32a9-4880-b39e-43b7edc3a31a,11e08c39-a28f-41e8-a185-2f76a5f3099b,Delete,2024-08-09 10:30:50,b34e7f7fe5873ce284da4282598ec0e84a9d8e39ce83e725f7a2601677bf0a93
e53d675a-7716-4557-8ce7-0851fba6f6a2,fe1c4b6d-9ef3-4dad-90b3-918ddb75848d,Update,2024-07-25 23:04:36,183a5e95f92e3486416a82ac0e61b99fcaa169ce85649adf1e9ec65521b67f66
d6466cd1-5478-47a7-9ca2-fc441ad64d2c,55a12262-d4c3-4d9a-84df-8217c91ffee6,View,2024-03-01 01:58:14,1baf6396e75c4cbbbe7f19732395f82fbde3811d1cd26d038ebe4db496c6381c
7958724d-b25c-4f07-977d-e2575b5234af,269c4478-30ea-461c-b016-25e954e09dc0,View,2024-05-17 18:26:45,497b0e494dab83fb7b4b4b1e078add501e1382f03e4caeb67494e8c0314c7bb6
c81fd288-a8a6-4bf0-9f45-d43b2c7f0556,42882355-91a4-4b51-bad2-56369610dab8,Delete,2024-11-14 22:37:53,bcc08d79973c58a13e6f3c3e82d71628f8dd0c8068675b6df3f8256ea9dafa53
946b0f58-e462-4505-ab5a-3847858b6307,2206d9db-20c4-4f53-8398-0348acc2aeed,Insert,2024-06-30 18:04:59,8bc1cc7f7f65631559b868d571e606063a9bf3cdd31d1a5d5186a4de3d10f148
581580a0-8ffd-4bc1-9de4-35ab7591946d,25653f85-5c26-4c85-a429-dc41f9063b5f,Delete,2024-10-11 10:42:37,2d3107fc4c6540ac07de9ce567ffdbcbfab48fcaaf59fcac2efd6dbe23ca706b
78ea830c-57ac-48f6-aea8-fc88dc2481c5,49ffe129-6c9a-4889-ad0c-ad4182f7a216,Delete,2024-06-05 15:33:03,ec7bbfae11ce553c6ab2cf301aa8c915325e17a3ce43e7e38af00e4f1426a88b
9cb40adf-2eda-45a3-9abc-0401cab77557,17e01c9f-3d5c-4cbd-84f1-337005d2a3c1,View,2024-09-11 16:14:14,00a1ca2723c4edc44c3b79c986b684c9b3f3c160263935579de40ad360d72585
89f185f5-087e-487f-b0d7-6c8132b8e1e0,5148a3ba-8c1b-4c52-8fc3-030c5d527b34,Delete,2024-08-20 09:05:48,11c7eae7d2d04a728fe788a17691755047d2bc0b3b69f1fc9b16e5f50147e56d
f22ad8d1-193f-4d92-8407-8546532a087d,b6a44f66-d0de-4f73-8463-c57db8398f31,Delete,2024-02-29 02:28:54,f0f5d40770903671937e27fc3dad96bee35b7f997cf373113a7bbec9240b6895
89017ee9-d1d3-4abc-ac1c-f157336c1db0,ef4619da-6342-4a51-8a6d-05b955628b7f,Update,2024-12-10 07:21:56,311c5e64cc7f06086698714866e86330725d4f168502db940ef66a54ba7eee82
9ee6ad45-1914-4a4e-bac7-a25604c9cc93,40b1e647-bd72-4521-96c9-f463ba64b08d,Update,2024-03-28 12:44:27,2ddd07434a0dda562a9d169be5991bea95fe063d46b0d9591aa92e1ce32f2ffb
44fb25da-48e5-45a8-97a3-7763876d1f94,341c6c16-ec48-4896-9dc7-ea452febe302,View,2024-11-09 07:36:33,798ef0a1d9546b82a72c70089406ff6bb016039eaab9c3a360b3693c348fedcd
0c95278b-21b1-4f18-9d1d-352b23e24014,98e141af-8971-423a-b4dd-ff83765506ff,Update,2024-02-18 17:42:07,c02427105f0c6e5b53f84bb890a19ea511dba921b0d076d0a021960be5bb60fd
1845ad37-9c68-4a21-bf59-62aaf88b504f,22bfe9c3-d5de-4d9a-ac3f-c8797b254dd0,View,2024-08-05 21:43:27,c282ac8eebde19518c1cc2711ff8d7582504c67fa10215e7696d1e9b3a0e7330
adb38799-9fd5-42bc-9269-2c21457966d4,955b66c9-c52a-43a8-a2c4-77cddac7b31c,Update,2024-02-16 00:29:04,a49e0c86ea052e845d681eaa396acc78a59bf3ed8c089b2d62126192a9394d59
a732cfb8-ff13-477f-b992-def079cb6f09,d289973c-81d5-4fdb-a90b-0f77d3095444,Insert,2024-08-03 20:43:43,39cabcc3e64e89e6e31b13bb70ef94f3e10dca01c1774e0d408e8f8a3c94c447
077ccc22-4a74-49b0-8c30-f60a55aefe33,952d2bc3-719a-4844-b15c-594dd024bb91,Update,2024-07-14 05:10:08,fec28b35ebf82cb9de93a37226e3ac9518f19b2ac43c5a378dde9fca00e0c077
430d52bb-07df-40a9-b727-88f549d703bc,1c32571a-e67c-4db9-a57c-1a285d697e15,View,2024-05-12 16:08:33,5e5239ef24c215906891317294b7a4fb1cd0ec42e1cd6de2db4aa176917ce381
6fb1d93d-720f-4643-909e-62c37c7bd0b8,a6b6e61d-ec9c-4016-bbea-6fe3bae1cc4f,View,2024-09-10 06:01:50,02f28ab1dc862cd763026ff51b853f4d557ffa611feb88b76e4c7e9c0cc89a93
cfcb8ff3-f7ed-4180-93e6-ec6cfa87e50c,03d85a8a-77a1-4175-800d-43c1cbfe638a,Update,2024-03-23 11:29:35,6c2743109db18de8e2b18c708bb13f819083873ed6f3b0e9dca55a6ff6e75dd7
95b30ea8-5978-4e1b-92f2-545af86187cd,bd8cfb91-6e86-4495-9af7-2d1d590c6717,Insert,2024-05-28 05:42:47,810ff924e9d06f25cca3a374fe2e34713e7444d1d0e060a6b0a05fc348d7b5d6
308a0a16-53ff-4b6e-a77a-361b4ebe3ace,0fd8f513-167e-4d2e-94e0-0da48436dd01,Insert,2024-04-19 22:08:23,6ad963aab56070bcdb2233956868ad412317ee25c0bf87615ae8e8d581c0d387
148108d1-a2f0-4e6f-8a50-0d75872192e5,22736159-73d5-4b9b-9385-1285b39a9605,Delete,2024-04-22 08:41:59,79f573d28ab8369daaca496ed386649d8f93890f195f106e4caf914b1896e452
b017d201-9f87-48e4-8672-49ee6d00da3a,fe79b0fc-7702-4d5e-95fd-222f47aee8ea,Insert,2024-12-01 20:01:48,8a5558fe723a77c011deedd6b26e2c70a078f160762686f0440a3ade864c7d3f
4ab48842-09fe-4262-b285-ff485e63b7e0,01a54d49-3bf2-4f44-a26b-6a1f0a04cd31,Delete,2024-07-21 05:48:05,be2f660d41d6da27a6d28288f9fd950d2cfbd18444dc9a8995fdc700b98eca69
914c131f-681b-419d-9b77-6f31a65fe262,7dc284e6-6b68-48ff-b580-57d1f6bba2b3,Update,2024-06-26 07:01:21,5f035b9137c14fd439a93f5da0a1061bdb5590d8d5c8e3f2df87fd4a1e46d6b5
83053db3-9ced-40e7-8dbf-8d33195a088d,d84f3538-55fc-477a-ac6f-52531b151488,Update,2024-05-11 01:32:25,8bdadb1d2178b43de642bd7d8e139d8a524ed2cdc5fc72329282ed512af0e4a1
badb8be6-e50b-4cd2-915a-e1f746d496f5,9f2de5e5-2b1c-45a4-bcfe-03aef141e71d,Insert,2025-01-11 02:55:21,fb726733d72efd6faef35fefd07b83b21f7fb20b54f57e373170b128015c2eec
bc633503-5843-4802-b2a9-f9f1050c5fc4,c688d410-b15a-41ac-a419-0aba232e4167,Update,2024-02-03 08:10:33,526426c6755c79352f9c16eef6a1e67cc4e3ad2129706a6d930aa3a63f1de728
f5affaf5-cb9f-4d2e-a732-df4154ef3da8,dd6acbae-7f3d-486d-8f0d-3d73a7bc4951,Delete,2024-01-31 18:34:06,e8d04fb59543bbea1b7d486ec1aaa1359a08d6236c4250d047711582598e2397
1526d05c-85f5-427e-9317-24fd86524a82,8d550180-b96e-4dbe-b300-e3c3deacf422,Insert,2024-06-08 18:32:07,99d5cd0729fc89c82fe0c5af0d4f32ff2ab9c0916a4bae818291726a2dae5151
4863b81c-4fff-48f6-a9a5-1dfdb316006c,4605a730-fadc-4eff-b990-790258dd8a08,Delete,2024-02-25 16:01:09,371c433c3843a53873148a2b8705653d61d00266c5b02fa0a39ad787dd985abb
bb02e619-81a0-4950-80f9-f4b0e205afd9,36da3416-5198-454f-800c-c1bb868e2865,View,2024-07-21 03:17:42,cba546ac65b471c2dea1066ab419ab616363623fcbe53052ed7b9cedecd159ee
30f970d4-3627-4a0f-8bac-ed86b65a985c,cfda4d23-16ef-4def-822e-15f4e93999fd,Update,2024-10-12 07:50:33,da30c86bf372f389d3740eeb6d8e128384da250717ef989b118d883505634cb4
f1ec298c-0cd6-4ec6-b157-bfe19ebb375d,b70aec78-46e6-45a2-8212-4c23372a14e6,View,2024-08-24 21:27:28,6f7aa68fd20da16f6b716824c1b6ce555bbf95d6742180321b3d1e45beb8d6f4
d675657c-c1cc-44ca-9c46-2d1646d7db36,2e47fab2-07ab-426d-a8c4-7956c732790c,View,2024-02-07 15:23:09,877a0a5e9eb140de47afafccff53843ec0b4f23e0c9ae82e8ca21c58d6af86ba
22371cf2-54c9-4d99-be60-252083b4c412,3fc7f039-53ec-4ec0-8ea9-fd0eb901d9f4,Insert,2024-03-25 02:29:35,db7d7fb6fa49566cc93d1f589791c9932f130c0876bc13272d4b342e6f46c628
326a108d-16b4-43e1-80ab-386281236b2e,58c832fd-d044-4625-bf13-4d79f84c743f,Update,2024-05-16 02:26:50,ae24e1ef0eef2620993996d3129effba686fe772df3cb8c029fe8c2c27b82566
84b8e3b1-6a85-4bc8-8e21-b7defe837d49,f9632ecb-28d8-4168-b12f-e5982b3e2f41,Insert,2024-02-22 08:05:22,ae9aa014cc90155d26acbf175e53b3bc8746cbd4467f8844478295e5f346fb9d
03cfaa75-323c-40e7-b4d7-c9e0497c4773,d66fc543-8fd0-4d57-8483-3be3832e119d,View,2024-08-04 16:06:25,0d1b8a66049a94320670ec8a616c602217ad867491d2805af04fd27a14faf0ab
44452913-3b35-4af0-8b32-86c8bcd0227c,c319764c-68c2-4780-9819-ff29a1a80195,Delete,2024-09-17 17:27:06,0a90d790be04f683554e1ed241d2465dd94f90cf4995fdb795d7f353ce967e2b
ec67d5e8-42a5-49e4-a0e2-1cfc2c2b7da4,1a54d0a4-a947-4f07-bcc0-0820aa7ffd8f,View,2024-07-09 02:55:09,0f3a4afcbc558a070d3a327719f7796615672082723cc57a1e3d78375e0fd308
936c7bf3-bf5e-4a1a-94a5-7f0960445238,826e1058-9d46-4d61-803a-2c6d7aba528d,Insert,2024-07-26 03:17:46,65886d25f35bb0b2dd2e3c7a6bc3053784d4f29640068b227e9070c6f92bac51
5c0c7e67-7105-4c7b-a9c2-b93e318b8c21,9b264ab4-be55-420d-990b-3afae178d9eb,Update,2024-11-28 08:49:49,a8ff17dce2c2b22a74437523af885615759056e09defb516a1e029c0991f5eca
32e5b5be-b6b4-417c-9edc-8207f709d7f8,dcf08040-4aa5-4d6c-98ae-77670f530ba5,Delete,2024-02-22 22:11:13,f731b9d43c75a527268bfd6444811d147e6ebf972901341e47be5edbcb4a5983
e3587a59-a64e-4026-9447-abb361a98b72,7c0e7d57-bc95-4cea-b19b-168e12111d1d,Delete,2024-04-23 00:39:07,4e7cb1dc525751365ce412f4c38cc915416697e6336955f3c390d9b12e1de4a1
7e477304-44f4-4ff3-b25e-8b62b04ed37d,50c53993-2327-4ae1-9041-3732f156b33a,Update,2024-08-30 07:52:38,7980a39a52e84aea494d5b52321fd5b15da85ec5bd590f0a80e841deb895eaf2
cb458bb0-0403-4f25-b02c-2a45fe7b167c,acf329a9-61c8-4241-8fdc-11b3f98cec50,Insert,2024-06-30 10:44:59,d05ad176562739bb31495d35322f6037027cce31985b28a9d13117477c38b01a
74d3004a-d4fb-4233-8594-a856519bc6f6,716cf104-bab7-43fa-af3a-53a0802058f8,View,2024-07-20 20:41:33,d0a42fb1f23d11214335e3a2d9906756d7ccb6afe2dfd5a8f8d6f581891a820b
32510acb-a375-4430-94d1-fc5ed79fe630,4dfef744-ef8b-4bd8-b22f-c790490ee816,Update,2025-01-10 06:57:07,16b86249a6564864792c9826de6548f940e151af14ee40a9dc907594d44ba64e
ae12098e-e721-4af0-a886-ec75ec112193,5ed79208-8d95-4ac8-9f63-8b6822c7faaa,View,2024-05-22 07:46:22,a790216b45d8829f1bbde0bc43a916ac20e6bbb26ff1e216a1b19a3d6f70eb9d
2dac2c6f-eec0-465e-9d74-890c1ee894f0,aae4198e-8f90-4df1-8967-2d2874754596,Insert,2024-10-07 03:21:04,1592fc2a59d7414e6d3888e305acac59e0f9e93e5c5717977d3d6760c9bc136c
2b5ad9b9-f960-493e-8843-fdf71004cb15,43f33d52-e6b5-48dc-8259-c7ff81ad8a25,Update,2024-07-03 12:33:06,103bb6bc753cd9bc23b92a3b151d53d4c98c7530f0232e773b9eec3ce29c773b
9ef36a10-6755-41c4-86c7-c7cc563d8064,76703ab8-d5f5-4c38-aa5c-906d06412574,Insert,2024-06-20 12:45:12,747e8ae8fa308fd630cf02c190288b2bbb6fd090f909ebedca5807eab0268664
4122b028-438f-4f23-9816-f49db2279d21,1ed93c3c-d5ea-4fb1-8390-1967e709c710,View,2024-10-03 10:05:03,7cce311173e91bf18db60d593a009b60e0ce00e124d11b845fc61dae343af700
7fae9288-f211-42f3-92df-9eaa7ad4c373,bec6364e-171e-4f6d-9a65-7fd646393be1,Update,2024-03-24 03:23:54,db64c751be17c7a7494ec4b0106b9fb5a34287be149b84091a84a1a920d1fe3b
12ec2384-ca7a-41c5-b1af-672705f24e45,79b3bde9-00d8-4d65-b7a6-ee19ca77cf4c,Update,2024-02-03 07:45:28,d3ace77e3e9d2e43a39c84a160fe0f105b94564b1ca67d3d8e45a449ba512d78
fb82dcc8-1849-406d-9c8d-ddcfc59d2136,9a765a17-5330-463c-931e-8360cc89020c,Delete,2024-04-17 00:27:07,9b75c5552a71fd02b9a905049f0f7c72b3106f184d4a86544ea5d245987fc50c
5d7cd4bf-f244-4cca-9ec2-81b9749ce9fc,70cfc74b-0e95-4707-9169-a210ae0efdc0,Update,2024-08-19 18:55:01,cb633e4d59fc08b7615bb134d4c7d23508bb4c7e1372fdfd637a49371ff1b3a8
a4a20487-5f78-4a7e-92d6-714e8da3159d,7cf4705c-7eb9-45ee-bb04-90d93f7ca0a3,Update,2024-04-09 22:49:47,1034b9a33cb31691c87ec7860eb69e8e509d32a3685d7442e473c59714f1fc1a
4b7aa262-f19d-45a1-b2f0-5f7262dd0d20,7ffa7d8c-072c-4fbb-862f-ee81219c6d90,Delete,2024-09-16 08:04:10,4907211ea58bf5a24e698db30ca5421dad5ab81e5507dbbd93ebfd0f779626ca
f99665a6-e414-4810-9410-cdd547eb36b1,761119cf-f65b-4388-9022-d3af7ab06aed,Insert,2024-07-18 20:19:00,751ef90a09df81ab80d92057a6c729b230a63c71d6ecdabccaad142bef729f64
4a8d6931-98ed-420b-b0df-8b3f179923ea,379558bf-8229-4a6e-b0c5-3fb2c011ae23,Update,2024-10-07 09:51:27,086940c81a4a8584c9251c581fb23700622612c8716767f45b4d5abc0585eb8d
7257ccd6-c858-4855-b0a0-a993cac40020,ca484cce-b47d-4ae9-8c75-188dccd2594e,Delete,2024-03-19 08:02:17,ad251ee24a14c6deda16d80b13abe9327459ef941209e062000bd3c71892e379
4789529e-d406-4c2b-a281-21235337fdfd,2565b1e0-5963-4ad4-afdd-ba443bd08ff7,Update,2024-10-02 21:00:38,2b82d18ffc4c1d0d3cb10a179cadf9a359ddc43d91c7f0336352987b96dd4e79
d9528107-4fb7-4eb9-b25c-514cc193413f,e6ef100e-682c-40d9-a710-91f03bae4034,View,2024-04-01 07:13:15,86edd398e86d0edee889ea4d2f5dbf9bf989f21c0f81fbc1de5e0dcb35ee1bc8
8d8b0e1f-065b-4d12-a12a-61c8f3f6321b,ed3d4fc6-a608-4297-9a11-34d987e86fa0,Update,2024-11-29 20:59:46,d86cbba7b8fa7ddfe9d0f034192da74a2c790ca732ce11d466e1e687c43132f4
6c68228a-b926-4fec-8e79-1bbfccb066f2,5ca5fbe4-a65c-442b-83d6-b6d1b834c275,Update,2025-01-16 08:38:19,411d525ef7e3b89dbde30a1439625e2e427e24be7231145d99278360170ab03e
8e6f97d4-6e11-4675-b6db-4ff40acdbf89,6cdbc703-5214-4268-b416-dd04bee3f433,View,2024-06-14 19:16:11,b47996f62b81c8e9bc2a5aa9c9d01a9e0f089b687a67e7c5f99d785bd367364e
40be5beb-d850-4c44-aaf1-fa73da17091b,34c11d94-80cb-4844-a751-d482f31791ff,View,2024-09-22 07:27:15,29c2fcd0c66c19a472faa4f7ecf5a7ec89921e03a8bd7a0bdfeda94252c30b5b
c289073e-6858-49c1-aaae-4054708c0529,c163aaf6-467a-4f55-b376-4a5e40b1ecf9,View,2024-12-24 21:56:56,4dab82540de6fdf5b2aa5c4d49079aa06c7b384c29846ce52139fe5ad08a4aae
5fe3721a-ba6a-4397-8a18-b2d880e3132f,ad47d326-208e-4a82-a59f-9c7a6e2848aa,View,2024-09-04 09:59:06,94dc1ec938a766b844fa80d36400b29badd173833bc0aa6022423f5a9d5d1f04
408e2a8f-e322-4534-b7ab-6ae7bff8e94b,b35b2ced-5789-4012-9b9e-89752db8e18d,Delete,2024-11-04 17:20:09,35afd1d3eec9a059d4c6ad674ee6855483ad08e3b955204a2a067c9690357d87
2cf0560a-9e87-4085-b913-68f9901e146a,867f9507-a44e-46ad-b07e-4a581f4fe89b,Update,2024-09-04 03:08:55,2fd449d1427b5ce955b4cc41fde50175304bd57044c2ea951c2f12da02e738c0
a4f610d5-6a17-48d3-bf17-f32fbd522b2f,d03308b6-656e-4921-9ed7-ee840caa0868,Insert,2024-05-16 05:31:53,3c43b1b07be4ff9a35df7f4d19b7e7cd3e196b1c24b2e7d45bbd4b40429089ec
64fdd122-4a86-402e-8e4f-3cf5d4fbe85b,e8fd4c9f-0a34-422c-b6bb-a344261186b7,Insert,2024-12-15 06:16:35,c96a864b48f365d969e1a8aef79212b4c10b16b71a04b5e5cbbb4c813491020b
acce58d7-6d8a-435c-975d-6cd016e6792f,109676c5-ec68-4f4e-99c5-f3b630865f59,View,2024-06-25 10:04:12,5387c554e94d1fc2a37640db510bf2939f2a48c7707b90a7b60b5ccdd52d9c27
e0ddd798-8617-4b21-b80f-4a9f19a2c59a,984ba121-edc1-4d12-85e8-6f419d1bc896,Update,2024-09-28 17:15:13,ae0e9ee4e81a0ebc9463f346d9f80161a1b981411dea3ab4a63467d906741ee5
da50e5d6-50be-474b-9074-a92d32e3e1b7,28957611-2f3a-416b-8e7a-8ed0cd574111,Insert,2024-08-10 21:39:30,fadf443bbe1f826e018c19a3ff3557a87d87b5ac06b8df57238fabeb0155f2c9
2441f431-9ada-48e1-b4fa-3273b849eaef,a71ea01d-915e-4b04-989f-8fc2d979586b,Insert,2024-09-06 16:54:02,89bc4289ff0e653cd45d6e75b6e40c396142752b480599cb77f107525e717edc
c10bd9b5-8a7d-4dbd-b72f-8a284e7588a9,43538841-4ffa-457a-8cf4-da48387fa981,Insert,2024-04-11 15:05:04,e51be5ab0be327a686b4e8aef4331daa078cae45608de46e43c9c6a915bdd2ac
8e4c31b1-0e6c-4997-b578-c5599b09e441,6fb6f82f-8374-4848-987e-659ac075f31c,Update,2024-05-06 00:03:29,826a8afeee20d1e14255027a0f134d12f5d5b9e60a9ba3afb3feebcbc8e2cf74
42d43091-76b8-42f9-978d-6cb72509a04b,c9ba2d41-dffb-4272-83d7-47cb9d4203d6,View,2024-02-01 21:39:16,483f9d68ad46835cf830feb18be865dd544529baccc28dee7084a684e2b6f794
fc9b6e28-38a7-4962-9f49-4e73a16641b2,29572f86-cd48-4ae7-b02d-c6c3ddbb1a52,Delete,2024-10-09 22:57:47,21ce4004035b6ea417c843ef8ba50911cc8f18a9e8b77f2777050485fa913ab2
5aead74f-cd74-4661-8d65-174cce64d62d,56c800a2-cc1d-491e-843c-08b15d6e7982,Delete,2025-01-07 07:08:17,6fe0a9396ac23ff89877864ddde502b2961062d8f5310af2c721f3f8ee8a6343
f1ecfff9-920f-49a9-984e-caaea71c978d,f2ac4c5c-7875-4f76-93e9-76680ba45463,Delete,2024-06-21 19:22:40,85683acad60fba127074cd2fe9e733823f158a716a359be86a14f3a30858d04e
0b639ad2-f467-4817-8e1f-fc0581982d3b,e9611769-1878-4f25-ac78-c91539300424,Update,2024-10-31 08:20:26,e6e34d77df89fc8b9ae9fa8b5f3eca75fd6119011448e41a4ee34899d2cf08d5
7518ff82-38b3-4996-bac3-b08cf7bf0156,519f4208-8e71-4d59-b23c-6ba7d0ae3688,Insert,2024-01-25 11:10:50,746f1ae7bc284e49f4274377a7ec82dfe8e986a8ab0c081b2e9ca9c12c88f22c
70f90ab6-2c4f-4da5-a876-5b6cc7fa6231,30f7f5b9-f157-4c7a-bf9c-0d45221546a2,Delete,2024-05-12 00:03:03,50d71539cf9dfa1a26f2d6d4d11c242ecf9f27603bb6309e96dcb354be1f438e
87aadfda-027b-46d6-8796-a3285b53b9c1,5b379452-bc2e-4ea0-bbb3-fe8b7a957c8d,Insert,2024-08-19 08:37:35,382222c9df97f0f498770cd152710d9587b9d0e8548fabb69a5acd48ef7927ca
3ecc4234-1dc9-4623-a154-f10f07baec96,937ec850-f786-4367-b66f-5b9578e55b9a,View,2024-01-20 16:28:52,a9c4a8035666b8ce8bc7f12ff889878374db962ee0e37b3b61576b61d9bda0da
4efb6c79-7b67-4ea2-95fc-0afc2fbac766,7588bcde-9834-4a15-a958-04c75bd08bb7,Delete,2024-05-24 10:57:33,436d024d449e5eb19605bf8a9ff89d4e6674ca9575b8e4e23a9db50644599fa6
698b1190-1f84-4b4b-8302-2e0a090d8f50,fad0b0be-b2a8-4e87-8c2d-d2cf0564b901,View,2024-04-03 20:32:11,59b84860d895871b983de24e5d1872fb2f874db8208741fbdd2de8574bdbb254
dadea06e-f17e-4212-a49d-448c761d3678,45bb28b1-aba1-4ae8-8364-4132c8de9645,Update,2024-02-21 10:59:52,8b95da55aaa2c985cb4b4797393a634e1986e171aa0095bdf4c559cb2b049b07
d47330c6-b94b-4e75-88db-156a44ba22dc,d63bb77b-772a-4169-ad57-a8760bd782a7,Update,2024-08-07 22:01:51,52774be93889aebea7085e81a01ce715e733e0b91718495085b358e1b52c8ade
36c0ea41-ec2b-4fcd-a28c-2e04d384b23f,ebc87fdc-d512-412b-a56d-a621f6fa38e2,Insert,2024-05-12 12:39:44,09ec685191cb1ac65b751c788a6cd690b617e968fe3182d4589a4b37f11f0ee8
c2e18488-66bf-4f07-b901-346724685bcb,b463fc00-e232-4fde-afeb-dcabdbc4245d,Update,2024-06-15 19:19:21,b53d691316bdcb42c601d03fa22e1c9537166ddf191a5f1b17472392d40a05da
741d0e09-da09-40e5-845f-67efc71f8342,6408d1ae-61ed-46e4-a791-d40aa2c3eb97,Delete,2024-03-05 21:13:24,0213f820c058ec275bacf98c79004f9706499ba8006f08e5c6224da9eea67ae1
8c25d89c-e845-47e8-a009-8ab83ecfd0e9,e5683e24-8b00-456a-b732-d931e92f1ba9,Update,2025-01-07 04:32:58,039e75a4e0f246371c5f13a2081fd79820febc9b9c639701678a158bf3125c5a
592b39a2-535e-41ed-a5d9-d53545b601be,c3c69e1a-f8ed-4018-880c-03ba136b35ab,Update,2024-06-24 09:33:20,04aef238fee3abb3fac7469a1b8157fed9a1cf86d049c88320ac74937df9c7d1
e82029af-0320-4103-a58b-fbe7aac35d42,6126eedd-809a-4d69-99a3-d17c34ab5945,Update,2024-12-14 06:51:31,6f420a4f9b18870dd732750ece64626d7032055ba83e2fdfbbef975368ddc380
c0d1380c-abaf-4712-bd8b-0aef1eb1a921,36414c9d-8a64-4cab-b3fd-a7b432bbdf28,Delete,2024-02-23 22:02:26,f18621f0a62e8f4420de5fd396c36840e573997c5a4d10ebab31bc0273e536ee
c75dd9a2-5c45-47de-a06b-fb66b046f265,5a1036a8-dcba-4211-89c5-cb6c5ffafa66,Delete,2024-08-19 13:23:56,3762004c7edf704aaf57fd3779509027f78beda61c8613b9d4ac2c923de66b7b
8e1050ab-6e8b-4b8e-a544-b06a923cb42b,dae90080-e34f-4177-a786-2d6646dfb3c8,Insert,2024-01-18 09:56:54,fb0828cec1c764bafa7115b8f326888250590cd5493a4969d2d491461de806e2
03ab402b-faae-45f5-9c68-db89e9e015e5,254502f2-880a-4f5f-8ca4-634db47d9001,Update,2024-04-22 08:04:21,694448475896261b59b565e930431dd1b2b16bee7e01b66e96f20aeae26bc9d7
e873a772-35ef-40dc-9f05-e6c38c9a9d1a,b47f8a78-8af0-4607-94bf-219ee32e81d3,Update,2024-09-06 21:12:27,f25482b6f2e7a625a9d31217e42a5c99961f6bf5ded40e7147c7112508ab4de0
0893c410-d29e-4972-b780-49705d5fe6be,46f7c1ab-8d83-4518-a69b-0f26692f85fd,View,2024-03-04 05:29:03,518212c50c4ac7efa4f139457595688dbffcdca46626d049abe0f3c85eea75d5
b1333d05-876e-4301-942a-90a52dcbc12c,bb428faa-ad23-4d2e-8632-b5eab1caf746,Delete,2024-04-27 19:35:09,627fdf2e5af28338ad9a7238f91c8c6033862de6863347846784dca3f547f3a7
250afe5f-7c16-4c58-9859-fe4117adcbc7,593cab3a-d9df-416d-bfb2-15123834e548,View,2024-12-18 18:50:46,d7e7c0f34023ec535311cb928680b40969566506270238dd2304dd974ff1186c
e2a82a09-92e6-4508-804a-74a19d419821,0612ecb7-650c-47ab-9cea-1622285ca1f2,View,2024-02-20 07:30:50,714192876d547093a21c49c27877e7eae0af6c9a87b18aeb01473c9db5b9cf35
afbe2448-7527-4849-9d19-aad355baca3d,baa86f20-0ad3-4601-b86a-112f69872bb4,Insert,2024-03-07 08:54:38,af54f6d6aa41811880bb5d189e969be948241ac84fd304d2306c8e3dd0504e80
d952e837-8b1f-4f60-965b-1db448557fc7,56ddf77e-15aa-4c1b-9d69-a361f3fcfa00,Insert,2024-04-13 09:16:08,e8518140293922e71ad6f7552fd953de1c1016d0f6343d81a7e759659704766e
666a7524-4384-43e6-abd7-dd9f7f52e609,b9b83f77-cfa5-40a6-8bc2-44d235f7b907,View,2024-05-28 02:29:59,cf7f70c90386b095bf14efcef7f1c2de5e8dbe799a401db5571dcf4ae5d04219
c61d1e02-50ae-4cdf-a2da-79476159c21b,b59a14c7-b2a1-4b8a-a38b-93b7fb18eb86,View,2024-04-15 06:48:34,bc675c70f3649d14e7f42ee816cd5c27ca5e2ea46ed4787c6e69067730852c0d
2d935da0-da4b-4b1c-a18a-09d8af72a398,9ea7f8d9-e1dd-492b-98d3-4bc7285c748d,Update,2024-07-18 08:09:57,e3a4af865188ee9cadc6c80682f4577968111f3385547937b0920f0f801a1d66
9765c1fc-9677-4c12-9bce-b079ee8dae03,da1056fb-be9d-474f-8435-7d295a4aa525,Insert,2024-11-14 23:15:33,ca5335b704e09f7221952052ca02c6803379a6cf22624b82368e6d70614d7a5d
69b06c15-3e55-4a18-a8bf-91b4e6305961,595f7619-5fe5-4887-b7df-47d08bed5a6d,Insert,2024-09-16 23:03:20,9ede5c062ee7b94d68e4e3e6d65e0dff955b0d3ba403a751b849a4aea28519c4
2c06df7c-d473-4127-a01e-90a671681ed3,3b896d87-b314-40bf-bfcd-40aba3fd8780,View,2024-07-22 02:41:29,af1986cfc1ab277267230ca92e8a8a9ec53e961ef36c5d1f1abb99056ce88993
17e2c8fa-b83a-4b60-a1ec-2e7cfd596c09,1ddaf38c-b44b-441b-8f6f-a1c17d5a9814,Insert,2024-12-23 22:57:31,e0781ee8abb9021e15df0ee63bee1356357d70e5fece03f7eed0976fda0b5e24
b9400e93-c996-4ff7-aeb2-c607ad2e25c0,5cfe5ef3-5fef-4190-b3b9-760f6afc6176,View,2024-08-17 06:37:03,14f1cd02554006a6c608dc98117dac922b205136a4df6309316c9ea8a4cd3505
444d7051-0859-43e1-8628-a16aac4caf4e,05ecf16c-60a8-4707-920d-383c9c007e97,Insert,2024-08-16 16:38:21,8b8f2b6995c5379d11f0712c6d022ce8beb265aadfbdbf5634230b46f397ec24
0a60783d-1be2-4821-b41d-0fe7153308d2,993871c2-f0f3-4d17-b576-0fc3d97eaa0f,Insert,2024-07-16 14:16:36,bfae01f1be7d4280097c49a00dba23cb39334003a54f6099852768b30d6f509a
409ef24c-9b34-4cda-958d-536624574de6,fd4afb5f-c8c3-4efa-9c1a-e9ce231855b5,Insert,2024-01-27 06:32:58,d01d6456ad0e779580a0b8f91cd50c679e7f941af3dea493f85e55cbe3393113
e14230a9-e9f4-4584-9df1-c4d9fc2297e1,9493209b-e7ec-4115-a964-fa5432466509,Insert,2025-01-12 02:03:24,56e70f75c1f5fa06003c3404b5d81b813926f63d33aab1d73a8f16e9e6f9a8ff
d71ace09-420c-4566-8eab-de9eea87490c,73a2689d-5346-48f5-9b60-884288f286d4,Update,2024-06-01 21:23:23,6c263d23953528b641e993e4de3a5e095f4c4f43eb1880a18dfc7b554965e4ad
43488536-ff20-4fab-81e1-e2c5582d9dc3,9086973f-7bcf-41ab-b15b-0ec879f539dc,View,2024-07-01 10:11:55,04a3dd0347115726cf967e3625bb7f305353f8d63ee6ee3b43a2113264c68f4b
86a8818c-5fc1-419f-b505-559b607fcdd8,2de5e430-6240-4a45-b224-a5658bae54cb,View,2025-01-06 08:47:53,33aa47e34438716b9b28efbf7de104ff6689d2183834c6461ec194f53c7c94c6
fa21c687-9707-41cd-9885-d2f343c93323,23ad632c-0a99-41f4-b14c-d9ed75d5154d,Delete,2025-01-01 13:00:59,3d63d3f0a04a79da967e96f35ccf0d87fe1fc1d31abd9baab5014b214400b335
65a5757f-ab5b-4756-bca1-baf97e625db9,75ba6388-5054-401e-bb9d-a952d75c2815,Update,2024-03-22 11:32:38,094f2573be8a4d00c1b7bb4bef2e42b9a2aeb613c0845bb039e31bfb03ad0fc3
72436778-d625-4a72-bd33-32d838b2ca34,f80e7b0b-52fa-42ad-91ed-656ce43e43d6,Delete,2024-09-07 05:48:04,f7f85ac92e524e3749245562516ee55e5622e8d351ae2661ce1c0f14e27e1e46
8222c4b8-3404-42f1-abd2-8a2e464e02e1,59ed81c2-56a8-4060-9b16-0896218f4f2e,Delete,2024-11-26 09:57:57,9f57ccad4a40ebda699e78ce202e3bc4c461b7234a4ceca8b1604fa2562b462f
e13f0cd4-74ce-440a-bb1c-db1eb9f6ab55,fabfacf0-1737-44bc-94fc-3b2aa9462b17,Delete,2024-08-16 04:10:30,08a6167cfb929d01997b39bf15ea945d7d6719e355f34383c005d4ce247be31f
faf13491-7943-452f-b901-e2108f3a7253,7a18323d-e85c-4554-b23c-2d86c375edac,View,2024-02-11 12:58:14,488044982837428a6ff6efc33c07a8cf15ec6c2ef51c88a7063518f530e4eb6b
49e747c7-f223-4949-8af0-a260ef1e6bda,4df31d47-27f0-41db-8824-191fcc6fce0d,Insert,2024-03-17 04:09:00,0cdc03dbd09f15bb678be2c2ee9755427b91e6108691320a455e1f2d71b8705a
401dd4ba-1cfd-45f1-bc71-1922abef246b,47773307-909a-4745-8beb-829703436865,Update,2024-01-28 04:22:24,17fbe913be7bef89a7ecde3a3bcc55d98262d90d3623b7eaed0adcc951a72102
f23a6a79-ebc2-4d73-b1ce-83464cb102ec,0495527e-11b0-4be3-b937-d306f200064f,View,2024-11-15 16:58:17,75e3849da295158bb1594fb691fe737e246bafe2c6e4e0e07121ff8bbeb526b3
699e43dd-08a4-455f-bb31-4dbcdf00d022,923ed830-99be-47f6-a04b-2379d64cfd2e,View,2024-06-08 10:47:08,20d5f66e7e6ef3dde2abf3e7c7d00cea4603d515315e7b660414c992f9b5e5e9
3fadb3c5-dc2a-483b-a3f4-e83d6ef3d91d,6b4d10b4-b6d2-47e3-894e-daf37d438477,Delete,2024-12-16 16:41:39,3016e6b4980da6d6b08af0829e6b56b3a4900863d4f2488b4263707db473fedb
98b177e9-416e-4a52-9ab8-d0a4cfad7e0c,3a279c3f-5c69-408d-9442-f4245e19db11,Delete,2024-10-02 04:27:00,ad50a77763072bb21d7c6672ca4b05acd44878735107804f650e6f15dc86c01d
f5296e01-15c5-4673-8706-dadaf5c3de48,49081520-56bb-4230-925f-5d0b7cbaebe9,Update,2024-07-31 00:17:39,306716209da34e603c23e2836491eddcd832697e172dc41f2782536aa183fef1
7b76569b-26fd-4f9d-8f27-81f1bfa4b288,68695861-04c4-426f-aac7-b27fd41b99eb,Update,2024-03-25 00:32:17,8ba42751a1ebfa5fb63f058c3762516922fc2f69ac81be6135cab8a9f787617a
c35e6a51-bd4d-4b66-837b-a5a4c85d8949,766c6274-8383-4470-b853-721fe314d1e3,Delete,2024-06-23 07:16:40,6b644a2abad8f40b1952c3be506ad8e863726ab309c49548681e731ede25b256
fece8b16-117d-4ac0-9718-dce7334fe291,05e0cae3-99d6-4e70-bd9e-cfd2be70c94b,Insert,2024-05-17 09:36:58,88be468e2ea073bf247fdbc6d41f2e532435eb83d6c43087be2124fbbbd65426
479bdef3-fcba-4074-844b-ca4167d752e7,cf201040-51ad-4af5-9e51-b5e14535d424,Update,2024-08-28 01:28:38,2c47cc9210afca7c4ffd40712de0f537f16b3ca14788de4b33f952e7c58bc93c
f2588fd5-1cef-4051-b3e6-54ee45212702,f7f3f99b-b7a3-477f-a4a2-ff70f41e0e49,Delete,2024-09-08 07:36:01,5ff64e8002a6c168c2a335fc0ee87ee3b15e397014b66bac9eb1b4ffd3186770
fb6b3df8-2b71-40e3-ac07-1b548ca0908c,6e78a984-6c56-46ca-bc63-6c162226fcc4,Insert,2024-09-21 16:19:20,812c831b364d0a7e780910cfb53fef9b403ddb6ec75343d3782a4c9edb32aa58
3a72172c-68dd-4107-8a5b-09f5d6ec4950,dd7ed75e-dec8-4e4a-8748-61920659f9f3,Insert,2024-08-27 20:21:55,4e140dbd61372169e563ef9b9886dc935e66c3c325ab97f8a0da9fadc26e12c6
e7e04262-a030-4178-9339-8b8a98a0d3d5,a24d0870-69e0-41fe-b93b-9080d0f04c9e,View,2024-12-26 04:52:00,ec316c8f80acda3df59b9123f333ed4757b7cb1af96c26a18c8c45702d2fb925
a3525f91-0184-48cd-9f78-74d73c96eb1c,67c4b0a3-2f19-4a3c-90f0-ea7bb10ec4bd,Delete,2024-12-11 03:29:36,81dc510b539b3629881754076ea96870717c1f0e2667b4545c03d81f42cb2c1a
c7c4ad30-60a2-4d13-9a21-e159e3221d5f,22af3c88-9324-482b-91ff-acbff63ac0fd,Insert,2024-04-17 22:29:13,26e1226f2a48d7bf50e26341304151829a068801d1151bc97afdfcd025ee60a2
7270c290-7bc0-48d9-87a7-ce9494adeb1d,e1e42e58-cbe5-48ea-92f1-e915803f79b3,Delete,2024-07-10 09:10:41,10ff21181b3468efb1ab38fd03143b7e63c29a302caf606c7072a0b412820951
2e7a9c86-f03a-49a8-a47b-eea77a3cd8a8,470dd03f-aee0-4179-ac89-f50c86660fb6,Insert,2024-09-07 23:38:14,a92798f1c9180650c2c9de00384ac57f449ac02063ac6c6ca763c5bf0ba5d1a8
5d7e0306-9e74-410d-aad8-6de51e1da9cc,0447b701-9634-4ee9-8969-5de89c89b9fb,Update,2024-04-01 09:43:41,ffbf9039010840d52c62e40f07b9a4b8e7e143048169dc2fefb0426a72cb0075
2d1c6d77-7000-433c-badf-ef5fcb3a1c0e,0c4c9cce-2b13-46ca-a9f1-0bee3b09e541,View,2024-12-13 18:06:53,d1b7f6674653f820cb65efa36997d8aba03c491fd31705e28eb8b7c858a68e79
5afe9d00-9384-4c92-8035-74ff1399c4ff,af26124a-cb5d-4b52-8748-3b286691c748,Insert,2024-12-01 01:08:56,eaf817750c31d064ef45e901a056127a74f18f5f8b83e100ac2bea59da681097
3f637e87-e8b4-4bf2-8118-5d76f7f86af0,c9e93852-2691-4966-ad50-78ff87eb5797,Delete,2024-08-20 02:40:10,ce01cf464777f635aa70f6366ff7b8335f54298e65929f925fceda502a73d827
96be7fa0-1c92-446c-98c9-bb5da5ac14d7,a852d34e-425e-4579-bcf1-5083ab5c4fb7,Update,2024-06-27 17:36:50,e8955b0f3544a06d7b20c4bd3307b2145e3e3cd259d223fd22c6944fda2a50c9
ed8bf7c2-a65d-4db4-bf32-0bcf763d64ce,391b3a17-6588-4990-8d2c-82971813a4e6,Insert,2024-03-10 05:45:47,77e2e7c1f8e7d7b9927e10129a5949d45718a6c580ccc860b85b5688f0d4d0c3
1095976a-ae07-423e-9568-7c0f6069a4e2,1881295f-6760-4cee-9507-c5a6ade141bb,Delete,2024-07-17 23:06:48,e221cb69216a930c703de441db5ebb8fb2fdd1e1d3fc8a4d12cdb18b3ba86387
c8c60651-5aaa-4b7e-964c-835bebf519c0,9c91c254-33e7-40f8-810f-cb04cfef47f8,Delete,2025-01-14 22:31:34,a22ff9cf329578ffb7ab937dabc5a1731179e3ff91677e69a9da7a5066617a47
6b7c8a6d-f313-4df9-ae22-f23beaca9e60,0d51a296-cc6e-4b4f-b0ef-3159986d75b0,Insert,2024-04-02 00:29:40,0b2b62c5be03020414718f2c5095ec6066ec8c415444d124102cda03cc63638e
bbb29ae4-8a39-4154-b667-ed091744f253,57d525be-dcd0-45f5-95b6-7827b34a1737,View,2024-01-25 20:36:24,c6dcb26038ae5c883142c91e136e1b828453389691f2915505086a667b2c9893
48ef11bc-1257-4382-8f82-e14416bd3133,401ca181-7c4b-484f-b82e-d3c57351650a,Update,2024-06-11 06:51:49,a576dae0e4e29467d944ce861f70e01822558eaa741adbb1b8fb854b9252416e
eb262645-1bf4-4604-8403-99e55046d5db,b8349d2f-8d43-40b2-8eae-aa3060cf93cd,Insert,2025-01-02 11:52:51,8b1aa6485ed6c1eb47b5e9fa3ade72653ca096f73743877b2ecedad29cc587bd
b4439349-a355-4a38-9ad9-898b4f4fb8d6,3de957a5-a461-48c5-a9f7-60b90aa24dbc,Delete,2024-07-27 11:57:28,6fed27f4bb4b46c37312434c95de1954f6ff9366c46728fecc0db0126c7233ec
2a371b6c-5b2f-428b-a6f2-f8cc2efe7f89,a141c9bf-324f-4023-8a59-21c5b15328f2,Insert,2024-02-23 08:39:51,f76371e6e81763ada53280d0f252332e1a945ed28363a1951a971800fe85d2e1
7dc8bb8f-dad3-4920-9916-b931d7e2aef8,d2631878-49bd-49e0-9d9d-94b897056d38,Delete,2024-07-02 00:54:46,ee032fa03174da1281d2b5ee5390e45e08f3278bb20c97e1d8e8648573487f32
7990bb89-4f72-4f09-98fe-d1fe9538015e,35941eaf-2335-48c6-86de-75c0923e9020,View,2024-07-09 12:29:08,2c27150c627e9c336a05c440712c4e3671059c491f6c318fe6f381aa96ea3bd2
9394534e-7ff6-4f00-a7f2-0ae178d4be21,02feac40-de47-461a-add4-defe9e0247e1,Delete,2024-08-12 17:07:02,be3013d3fbcbf6256466d208c2cd2c496ba6a14901a688226e1d95b35bdfac7a
fa8d3fab-d423-45a5-9961-5a4b3c640bcd,0a658906-5856-4eba-b2d1-1acd0420f311,View,2024-10-27 20:00:04,a3d6040cf4ed75e2502f00badde6bb70fe9fe172ad1fbb11f224e1ef4db277f3
365b41af-bbdc-4f01-b14c-de43a980d30c,b5261759-3055-44f2-b67b-a604bbf6cf16,Delete,2024-10-27 04:23:19,753bcda228fd03d430fd1fc383e88746b7716ca7004ac6ed0a69d7f9470d1873
cb735399-2ebf-4351-8393-20be2151b9ed,c14ea028-7421-437e-b2db-def4d8546175,Delete,2024-05-08 17:16:36,55169648dd888a7de04826e1d4fc2a5c832b6afc6ae0d4de04aa2b52cdb04bce
d2e459b9-2bcc-4568-a0f1-d02c89af87e2,bd8d47db-03b4-47d6-8eb0-c1d5e650d6f4,Update,2024-09-22 18:16:50,f853270d60e5f7161708a9e97fc7af6b4a644e356b5861d5bc47e848f252e92c
00095991-922a-4fcf-bdc0-f29b7d810365,1447939c-4793-4c21-8325-416d98340851,Delete,2024-03-30 17:16:17,4cf8a2129f85d8899e2c70192bebfc9d154d44d5961b9a8ca732eb25b1639500
9b1e0447-91ca-4527-a9d6-832e5b674143,b128fef2-885c-4aaa-b554-60f747b40a79,Delete,2024-04-29 02:40:50,567ee758332789fbab1a1f26591cbe981ba8827802a8b959a6418031d1c99483
74199a27-5322-42c3-a00d-7ad910806b2d,b16f3a38-5021-40cc-a10b-6f0c349e9315,View,2024-07-18 11:28:06,769c3688cb4fa07d86b6b21b5b135d5cf82e315ed67b1a8a579501be7d709161
ab81c24d-c222-44a9-98b6-5b94ff22e390,ff3fcc17-75e3-4704-ae8c-f21b44e76b41,View,2024-02-08 13:26:55,c9cbc3b49ee87a3c7ca1392d4fc326fa35980192505b5f9f69c90d27978e473c
c50d5942-de85-48f9-8508-c33dde36e1cf,6de617d1-2a8e-4dcf-b529-3a7fe4ddc18f,Delete,2024-03-04 10:26:31,061664b8864c7e9e239380e4fb41159500e7faf035dde0fd4bc92038c2caf351
6fa36326-0799-44b2-a451-dd2d121759d5,7c6d5ea8-7db2-4d42-99ff-882a31b5acc1,Delete,2024-10-03 23:51:52,2c9b43aad207f62118aa895bfb233d861957b6ce0d6a2d0681fac7e5b03657be
3c20be94-78b1-470c-ae7c-af4a57626b64,53427690-ff14-44f9-9200-38ccb377e8f4,Insert,2024-12-28 02:50:06,5c9a3e7899435e42ecbf25d4ed99ce314497b35990cfcc9cff5fa9795c5a32af
0337cbda-63c4-41f6-ab86-c85682ab5abb,d5103b62-9cc4-4957-8bb9-d6dcf67790db,Update,2024-08-11 17:47:35,ce6702076c8212cf83f71b488b310f064dc63385b5efbfc9babdfd4bd0a6b166
586e8e7e-552a-416a-ba70-973d0224c502,c0f97ab0-d60b-4cf5-a2d3-4cc2700946c9,View,2024-07-23 20:45:12,8fcaf6a343e35435524c1e1b734475d80cf4540057f63ee28e966844323acc86
c4a22206-d613-4710-8553-37d9d20ef959,a3b21763-0c79-4955-9230-fb96c2fede85,Insert,2024-08-25 12:38:25,7b159a793419fb13dd98b4f8602852d006a036fd81f302881652bc157f17a019
ffabe7f1-91f6-47ba-a76f-2c3577af8ae8,81e16596-720a-4b5c-9394-b94102fda35b,View,2024-09-12 21:30:39,59bf3554478d06aa513b12087984a9d0b1ba55038a004b078c6c854f63c9c332
9cfbf596-8e59-471d-a2c8-1737cc2abcfc,7478c84a-9032-44db-887d-f6792ae2f691,Delete,2024-03-28 02:18:12,10712c4a2b7a1761e442a8921a2a8024d472ef27caf9eb43eef03085d34d957f
90449002-0528-4e5a-8da9-b407eca9d4fd,69784103-741f-45d2-b61d-1f9402251c64,View,2024-10-31 03:07:31,6be141849bb0652cc354a3922e89b4b1356db5f477a439dc067b5d6fb79d14f4
7ef8c791-33ea-4d91-b3b7-6a571e3cbe07,e2094959-831e-44ac-8d4b-a8bafd076917,Update,2024-02-18 16:36:56,97d2459ea5dc38895e04c5cdcc7765ca3b32a3fbdcafbc340ff9c289b54c3ade
e4d823b2-ffb8-4fdc-8ece-dcce56aa86f3,14fa711b-61eb-48db-9f61-077ff78f6183,Insert,2024-03-04 15:02:10,0f19cf3510808e4cce6cf1d2123afc1b3c3df8eb7a9825c804349fdc013b5332
71c76789-0cb7-42d3-aa87-ee4d48211416,cdad7303-70ff-4ff9-be44-fb7d6661d618,Insert,2024-09-07 09:12:23,58977a06fd24aed347864bf2ca66dff482ecea13f59fd927a4f9eabcdb1c2743
fca7fb8d-ce78-4a0f-b50e-113601f4d2db,cfee5e32-0e4a-4503-b9ac-f8020f69a8e5,View,2024-02-02 05:17:24,54ea67a05b07cb65111c285ebeda2f4d1bdc27d096cfaf2b992d377111ae39ba
9856cd04-e2e3-4f74-9c86-b8d993c608f7,6978668b-cf25-44e6-905f-d2fd9641cc5c,Delete,2024-03-21 20:21:56,e65c6b5a2e6408ea7bc8e8e2b3bcff66d18cc8b0364501473febc871eaa07ebe
cd3e4d30-4880-43e4-9090-fdbff61ed233,7a1267d8-79b4-4ce6-b5b6-0e0d1cc8ff2c,Delete,2024-05-23 08:02:05,a76375432dc94ee0d4c38d45631d6ad3afef4a70d6189adec1bcc578e5c7f6d7
1addc82f-1363-4099-91fc-6f69725777b5,6b71fe77-166b-4c6c-859f-f27c136827c3,Update,2024-05-08 10:17:05,772b4e298dd78ba2bc2a3eed234856fd74d5a01a9b3878a1a31f2eec582ef37e
1e027c15-9deb-4042-83d7-55a567791bc3,ecb20605-03a4-4ab8-8216-e84f3a77a9e8,Delete,2024-06-06 23:12:47,3d10773a52bd2660e889dde8d0004c09e45f50b780c191fc475dedbe81d00724
779de6df-fca4-4788-b1e7-7ef5ca8905c9,fc43beac-698f-49c4-8ce1-51404f90be24,Delete,2024-06-24 15:59:19,403da72d151ad7df3d3dfc34665a1739e8db6e1328e0885f6a2ac6fa4c83c257
13a9b176-a912-4a0b-bffd-ae8ba1d9fc1f,64967194-039c-4e3d-82d3-80b2b376b501,View,2024-02-05 00:06:53,95523e9845cdfe6f7567e210302de835d857274e5b4e687e39002af8565ef7a3
dcc7edce-cd41-4c9a-baf5-a7a8203e8816,dc07e12d-917b-45b0-abeb-1af5ca30f647,Delete,2024-09-28 09:21:27,c02cebfb806c6b6f7fe48936f6f4abbbfef5b990b00f54fcccea716bc02a514a
05e2623b-19db-4508-baa4-3d6d7be78fa3,0b8be515-2267-4dba-8905-e37d303c2600,Delete,2024-03-30 15:04:39,c154b4a557b6c175a506dbe5d0b4be6a60bba2cd534b2d144b43f572ab098617
5feddc11-e9f2-476e-baf4-8c6741aced48,ca4e3c97-8824-400e-9786-80695f944d1f,Delete,2024-05-30 16:23:21,ffb628b358e04292049da8138f8b49946af0161cca072b050cb0e89d8dc05d5c
38b269ea-9e4c-4bcd-b783-57e2288f266c,e595913d-1dfc-479a-894d-25d3c3a56a00,View,2024-06-09 12:02:33,cd79cada6702615549dbcd4b21764f4ac4deb6f2fa15fe3363f390452e65d11f
12d9bf70-9e0d-409c-9b49-4ee9a031fd87,b3a70262-68e2-4a47-b463-286d2697c276,Update,2024-03-26 11:58:12,d8eb28cca5ad3bd1c3e4197dba525505ae8182ed39885e2d5621df839e5da51e
337c994c-6a1a-4c0b-b377-fa2d2b88406d,1be91989-dc61-4755-81b8-6ade66d56a99,Insert,2024-11-30 01:22:37,2af9590e676f784a202906de7491be28709db380ac67f329911ad600215accd1
32bc497c-9aff-4697-aad7-7324a032e3aa,916c4cae-52ff-4dbd-a775-3d16be9448f3,View,2024-04-03 10:34:15,182ef4b9ce59bd3f7c36f67a425d1e2752c18ec1aa21f103033e46fac4b9e661
c876dfe1-1175-4c54-a36f-d5b9980c0fc7,97ce5d29-733d-4d8d-93f5-a195e73084e7,Delete,2024-11-03 06:44:15,b18c90a1c3b78fe58d6ea04c36baf3ad141287eed3d107077a8edd4294837773
b8847633-634e-4076-b5fc-76cd3585aa7c,8726815d-4503-4785-8454-e1f8c2e26e88,Insert,2024-07-28 15:00:06,58f948327d947094c1e00ed1f189ee59a4802a5f5048905f5369d7bdf1e6b44d
bed257e1-6527-48e3-810d-4fd97562ca64,abbd0a51-4fd7-447a-8700-2ca770096308,Delete,2024-04-06 23:23:43,4f2361361ffb2acfae8feda048e121fea3fd3c917a2d3a93aedac1a179a01f56
9c2e2551-dd0d-4a07-b616-052277d7b40e,a977df64-93de-4a03-8842-462dc74f8e02,View,2024-05-30 12:52:02,5b66ce2382205019f5e76897a4e223c47263aa072175385ff7cf0fdca5b601cb
fa960f41-4ba7-4e67-9a4c-8284e5b47031,fb4c0112-cfc3-418a-8f1a-eb9f9843e508,Delete,2024-07-13 23:53:53,85b915fa9b82b9ba67b9d88f91cb6abfebc0a62f0b8939a14ee671b1ffe9bd1e
4f4b2fac-9436-4262-8674-a341158174ea,599023cf-f698-4644-8611-d2f4048d64f9,Update,2024-10-03 12:24:56,b1fe27431c08ee72948940b8bb215a0e67ef50a37a82ac8cf3461456043df6a7
542e5e56-da33-484a-936f-af4a6116b168,4bc3329a-7fe1-4633-a052-ebdb278ef2e5,Delete,2024-04-25 08:59:14,4877923ff8e8ca73598bf7ea0445974913b6bce9160284619e54e9bdab93fcbb
6e2f11b8-8b25-4cc9-af5d-330b88c77bdc,05de736c-15cd-42a2-9514-64ee21c480ab,Insert,2024-05-07 10:36:22,bd61580dda95981e13a4fa8f0485efd57abee79559bcb5144009889559f8d431
2b18c35d-c9db-47b8-a7fb-8b76c2725169,124ed856-5fa2-4f54-9128-701ad3ae163f,Insert,2024-11-14 10:15:27,70ea8209e98fef1de293c89d1c9f74229f636d71344210dcffd6ee33c73f914a
36e95927-cc40-4c10-a245-14233ac34a6f,2251bce3-89b1-48c6-a31c-2725e198937c,Update,2024-03-30 10:23:40,630a2f9b97b1d07963e6450714f55860244afef8df4e315bb17b373289222574
ce2f2467-f0cf-4f28-9df3-c2cb7b8c4ffa,6c6b3750-c014-42d3-935d-e108a6b74401,View,2024-12-10 15:20:55,d9c76bb6797605f2a1789ef4ca2d963975f49fe4228a899c84ad14a348b002d3
b01516c7-ba3d-4bdf-8323-e80643e34fbf,45707121-acca-4edf-9915-612fa8678d29,Update,2024-07-05 12:37:37,2e1547c74684fca4275e67e1494e6db991d0a1026c0a4c6cf10f502f39ac0f0f
836119a7-02b8-49bf-8c06-79277e60cdb9,bc54342d-7a6e-4b5d-a189-1d3d7f3c616d,Delete,2024-07-15 13:52:22,a8fd0afdeb0fe9b2d2cfefe94c2858cff0a2df15265683b7c643ba5f5f6d9d42
7eef580c-64ee-4805-9c1f-afb03855c0ba,0da28fea-5f2f-4a4b-92d0-8ec48f7dbad4,Update,2024-11-30 19:43:55,44dc710bab551e76ec7a084a40cbea08b4ca421065da6b030a9391841c832030
d7815064-03d2-482e-84a3-5096d1ab68b8,9239f9b8-c19e-4609-b5b4-4fb67a2739f8,Insert,2025-01-07 14:34:19,3a26e26e33a439c76b486194ee49052ef3f268cfc023aed4676266d86bcda1a3
4464edc4-749a-4067-abd4-227ea6379fd0,d5ee6518-344b-4374-9aef-d008182b5708,Update,2024-03-30 20:39:43,479b889d054da8d9380016f8f75ae39ccf0ee9177d331eed9ba658f10cf3f5c3
fffc93e4-3a24-45ef-8dae-0cd4269ec51e,8d5788ea-e32f-4363-9318-c5e046bdd8e0,View,2024-12-12 03:00:55,73645be091e5ceae1eccd4b0bc1d26a38590ff1de3fa02d756dc1cb88eb9b1a4
60ddaa16-b7f7-4dcf-ae8a-5a0752be8d02,e01590f7-e588-4a5c-8bce-931e8293e86f,Delete,2024-04-30 02:39:53,47bcbd3b8d30bd486020ed5d013482a6d4e76e7177f7474542cd2f1b51315cee
e369a756-a816-4b35-9ab6-daa31a81fbb0,bef918b5-a439-484b-8a21-cabc0fcfdd64,Update,2024-07-31 22:09:17,0e640ca8438b9fc737732579a64008e8782bbe5a40af2aaa5fb0535af25f1dcc
624009b6-8a6d-4884-b31e-a28c3b8593d0,a0b6dfa1-1fe7-4c12-926c-90e1dadb64c2,Update,2024-10-13 02:38:03,bc78121b1ec5f3dcc2b14af5d99a5ba2d893aff51f57ca3adb741f036bf6901d
e9388c43-9e55-4ee9-b3c1-82f63fa7d184,ff9d264d-43bd-4e60-873b-54d6154029d4,Update,2024-12-26 22:22:46,3b3cd4d469cdb8e2d3baf370a10fa1b05d72c53ec33c5e7d1f106e7313afbca2
28285051-6a56-449f-b9cb-8556f7d48edc,f0f8130b-3cc1-4ae9-9c36-ad309beae784,Update,2024-02-08 01:19:17,d5bf5a52422b4b799d1733e5bffdeed8ef58e48aa114554a3f016696a7f4522e
9fffba67-9d60-4411-98e8-d7ef1b4c0920,9bf0ea86-dcaf-4a86-89ed-6a4b9f034960,Insert,2024-02-11 04:43:06,d34b9d56121ecc76a284168b669aecba504df6e943c1755e4dea81fc312eb003
d524306e-de63-4d17-b0d5-05fa5b5eaf32,3efa8fc5-9090-4e25-a591-a66ea205f030,Delete,2024-10-11 03:44:35,f6272b6f393c6298312cc157f5ba47daf5f731bb4ab20ad19ae32b22e1ac481d
12270e63-af42-4d98-bcf5-b444592d91f4,714df3cb-1ff5-495f-b992-6f93f09edd3a,Delete,2025-01-04 09:36:31,67a787a391e60ccae950c6f21928fbcf937ad4618b25aff612a3bbb3a426e9ee
39ae5fdd-f087-4932-adb9-006ebb500101,0a4d4a57-8f37-4f6b-8376-c51a8bcad3f9,Delete,2024-05-24 10:01:17,dbca2ff23dc75583a1638c10fad3447e950edc2244eb56048dea88bcd1ac8975
3efc2d47-a3cb-46e9-913e-7946f1c54a7f,8f3c8dfb-7026-4afd-8ad3-22995546e5cb,Delete,2024-01-19 20:26:20,85e2c994d6d08afff390683a12d5cde4591904d7756817017251a63c284fc5cb
602e0d2a-495f-4a79-bed4-285beb8101fe,75c2adbd-66a8-4dfa-8d6f-b76afc772b28,Insert,2024-08-12 09:25:42,6e908f40d37661dd1743a7c418f763ae1fe5b9dbe9d461dfa36201258d9843bc
fd8b9eed-d2d8-4231-a848-7bc0fa3a59e6,d641de1e-5e76-4675-807e-58b210dbae61,View,2024-03-11 18:30:48,a50ba13c2fe06945947bb4e6cae156ff83accb81f2d1b34d9dc2bdfd7a4adb92
a5a83d02-11df-43a4-97bf-1732d9775c8d,2fecf26b-c21b-42dc-82a7-6e0e682f232f,Insert,2024-01-18 12:58:21,fd5bea0a6b218defdecc6608f45073cefb314165ab4dfabc95c154192003bce1
55338100-a2bc-4e15-9bba-3e9df683021e,7f789a0d-85ee-4dfa-adf4-d7f994a92206,Update,2024-06-04 04:51:59,6a626a559f276a1c869edfaeaa44245a4a5776162c083f6aec586d791075ad9a
abb95dc9-f8ca-4a5b-9d73-48b67514e5a2,a899c599-d924-4cb2-9807-c03604f7312f,Insert,2024-08-30 09:53:17,e3f14df22785bf0aced47915a70ba06a7c07555f2ebbc936bb19667c7bbb6a9f
467fefb9-6a36-41da-a99c-f891f020639e,039d7281-523c-4551-b35c-38d91ba4e047,Update,2024-12-12 02:56:12,c6e292afa3ab71b3e877536f180674757dd1f97b935f865a90bbe1ead4af99f0
097799cd-c5ed-4c95-9df5-614c4c231cec,b365005f-b36c-4791-9878-0760ccc2fbcf,Delete,2024-04-13 09:07:20,3607645131d933b73cb86425ab9ac03e3719712709e30ba2522ec49cdb5242ab
7a9a6fe9-6dc6-44be-bfd9-c2f7aece418e,b259459e-7d94-456b-9771-5ab002a85153,Update,2024-07-11 15:09:07,5fe5c84ac759cb1765582e38e0331055804e328aa54a5231ef4d76c27f215de1
3547acbe-9c92-431a-8b01-648b9936830f,bc3bcfe3-02f7-4c64-926f-0e2a9f7250fc,Update,2024-06-07 10:55:06,86d87bc3f0d0a2c71729997e0f6e3380e8e661cdbc5fca75688de4f7a828aa4b
ed90b3bd-cf36-49e4-980f-a2bb7bcdf4ee,7df49fb5-6a62-4677-9dca-44a3892c3835,Insert,2024-11-07 15:31:35,d27c559488471053243b7d5de2f17f8dc30eff083c47a364a353960df3d83df9
24511c0e-d6d4-455d-abc6-5be1dac08414,d3c71654-221e-46a8-9532-f3dea6fded44,Insert,2024-10-10 07:25:28,132296bb0e0bbf7774800a280b2a4426bae7a021e01856516330b8f27a59dffa
8472bd25-d74d-463a-9803-b9d75f704b47,ee28ef1a-0c5b-43f9-9850-66b65fed5e54,Insert,2025-01-10 03:05:24,f174c2376d711b7df150bba0a5851a594014cfd354da1ee8d1638b8768f68efe
42d2ee69-c31f-4851-a37d-49810c6c1337,00b05feb-5a49-425e-b0c2-39f1ab494904,Update,2024-03-19 20:26:07,5f6018e5c92810534af457d9e168cd408cc6af05623ed7a5d22b0e7d76f4af0e
723122bb-78ea-433e-b4e0-c6479e79bb3a,70c6ce82-ee98-4dc3-9115-b60ca84dca6f,Delete,2024-10-14 19:06:07,5827ed9f580ea466d5239cb971d3cce14168fa90a1a0907350f0d0e06389a09d
e4a858b7-1d94-46a5-ae6a-95737971a5d9,c13b46da-c89d-4e89-9789-cc946340e4ef,Delete,2024-04-22 16:13:23,881f3c693465e5b29286bafa42a1acdb794b81b497d5590dde79aeb73e5d2e6f
4a003fd3-5533-48e5-a69d-c6343dcd9bb9,7afc8ad8-36fb-4959-9808-45d1abe3e2ae,Insert,2024-01-19 19:19:53,49adef6ca59fa26e7817f7d02bacbd07ca71d208542d93254ccaa0c7379e89be
42917ae6-55ba-46c9-bc80-9259e2d234ec,7a441c75-9982-4c2e-b362-048abad5bf12,Delete,2024-01-22 19:08:20,84f1aed190f7b29e08cca4938c1ba552c3b640478973899729489861b535539b
12ee4946-8ad8-4784-9f94-7cd4741ad5ff,0b5cb2e5-563e-41cd-a29e-58cd63dde515,View,2024-12-27 10:44:31,80911f218da273ba73e336305ed0a0eb41558d74dedca4f102339d071d216ea1
c4a9477c-4205-4787-8628-b69babe3ec86,de7c8f76-1310-4a1d-8d7e-44cb023e5744,Update,2024-07-04 23:59:41,be38f6be45fbeb8a68a4ae09a792c8d4861ff4bc84c77a9085ee797e7e78edf6
4b47a0fc-03a1-4415-90c8-fb5cd457555f,9ee7812c-81dc-48ba-9fab-8e1c6ec25dd7,Delete,2024-05-30 16:56:11,ce412b442789a954cf183dc5a1ef8718380d094af79d0976efe347f3f20bacf4
c381a42d-1fcf-4a0b-81a7-5e82a0a85e9d,f3ff13d8-1d22-465b-9b4c-f75a2f4d7a48,Insert,2024-10-05 18:36:11,517d72959367234c64f8846930be13b1c71163c95351ee7d9677131e2f2ec569
174e39db-a27e-4956-8e40-609231c8546d,dead8e21-9669-4a78-a658-848fcb39f38b,Delete,2024-08-21 08:10:27,eb3dad5a3cf496643250b9f56404342efd248e9dbfad026373a1809d8191d398
da386e95-d66a-4357-ac5a-55446a2e3f2c,7db053f4-2184-4915-9461-7ceb9d82208e,View,2024-08-14 14:41:31,fdfa8041ac72a11b23243efd8cf7e62b6e45bc632e3f162a92ad99d2b037e3a3
cf7619aa-0280-4258-94ab-cd5a087e3c76,4bcc05c4-6e08-40f8-aac2-b1d15860b160,Delete,2024-02-10 12:21:19,eca985a9e1ded0a64579ca3001f6e20c19b2b099cfc78274414fd14f37de9071
fa93df2e-1578-4bde-80df-49f5e56b3a0a,26b5b7af-bce5-43b8-b818-ad39370183c2,Insert,2024-01-23 01:16:00,433abd2a29641d479193775a43631ac4752c353172539f6372148979f98802b5
cb02d9f6-07c2-45ee-9016-b2433ded8e09,fcae237c-286f-4baa-949f-f5b82dacc27f,Update,2024-08-31 12:09:39,3acb426f7b92b78df142d1fe35c2b641541ef0dc74d91001c138aa14d040a86f
c9f5e4b9-f8c3-49e5-b4ac-69500bd7b8f5,219c9ebe-e614-4ade-bd4a-d0d0b529a440,Delete,2024-10-24 03:13:02,671ce39092c8928ee3af5d33f2669aa7e962ca3906df999eb661a0a480c1be1f
bd1c17f2-66b7-4a77-9ef3-bf56dc25b4b4,0f31b765-c986-4d2c-b796-ee0364785c47,Insert,2024-10-18 16:41:57,4a73b9726ea25d41703825362812f0adea97b8fcf02eba6bedd6dfe9bc217c11
40aa6f97-a86a-43ba-b0ce-16507868a91d,0f0e886a-79e8-481f-b166-5e027ee2398f,View,2024-12-01 11:51:40,693601f8914c5d97a17729be3767f071a95340b0fd07a4d3fd745ae5e5ec13b3
c2db4bfc-b66a-4d57-be23-0eb65394b060,c66117bc-5fc3-4dd1-a76c-804265573e1d,View,2024-10-21 19:09:12,b40fd5835fc8111e159ddf0b922cd2446e283c0f7a047720b6d807f9e3054956
05f82134-871b-4c1a-bb52-b3bb5c0d98e8,664c8a66-a30e-4d08-97a7-f74582bebcf5,View,2024-03-30 09:20:04,ab3eb0bbe20d7cdf5cb44a38280fef19fbb257c16f870ca7c800256c24211e32
57cab733-705e-4332-935a-4b60ad06e8f2,f049e143-28e0-40df-bfa0-42f937af7b1e,Update,2024-12-30 11:09:03,dfc3054e4afa1f9d8e16f4d9fb1b3e18030d085e3e2dd7e262eb3d5e2a5a6da0
2dcd5227-2a26-4cc6-9868-1953047eb584,ba1db1cc-f7a4-4595-9aa2-161b346a5674,View,2024-10-17 23:18:50,4156b9c69b532e347c6513a7f3f84f9e9ce650bd7b7387ea209350227926d669
c5c64372-91b0-4b9b-9e66-df304fca3842,707adbe4-7ba5-42a4-979e-c1a087ba0660,View,2024-12-09 16:35:20,24971909d694d7ffefd8ea566225bdae9c14013843a47664d6c78ccd20da7c55
12880399-e921-402b-b996-634c67988153,b4a84442-b7e5-41c2-b947-0e6fce34fb2b,View,2024-08-02 17:44:30,2e46dc182d5344b5663c012e82a20eea0cae7bc0c0372d4b4b3a9cefa3c74cec
7425af4d-e87f-47f0-9446-63afce326a80,26e83f16-e37f-472d-9b2c-ca5def7f496a,Update,2024-12-02 17:09:53,5d27c18a8e817cf7c51dfefde0566aa89de032374b40e46d832a4a00aca49618
e01476c8-c985-4266-9d10-9b02567bc8cc,3cf02c10-4b60-47be-82ba-4b36f36f4887,Update,2024-03-04 17:57:50,c1c90318efdeca6dd7002fe0a0ccece716b18320597719ef15953ed2c1c0ce27
494c5a08-f5fb-45f5-84fe-6565d9baa223,65262869-023f-46f9-baa6-b98026dcaec1,Update,2024-03-07 11:23:45,72e46928f047656dfe063fa90a74c3353340ad48c54e977f75416c0e98a09f48
3cdb42c6-bc5d-481a-a5ef-71bf287feeeb,e424a8b3-9719-4086-bea6-423bec8e81ab,Update,2024-10-06 00:18:49,fb9ae10e2aabffb2312b351b8102d6ffe781686a6cc2bf1cc08fefd23087d501
f596395e-115b-4300-bea8-19d03d0b9201,976086f0-39a1-4bc6-bea9-6e119d66a051,View,2024-07-19 17:31:07,57c39c30aa3299706c6d21b2cd6a4a23ad3600456fdd5a7ee414b01d1b6496f9
b92a0694-e8d8-42f1-8d8e-027648557eb6,d31052a6-6319-427d-a858-602708ca05d4,Insert,2024-12-13 20:05:39,febe5753f2d78261c319612f9abf5eefa437c72b3d00dc100659f009f90d6a4c
4a41e987-748e-4cb3-90e5-046eac14a00e,de3205ac-83a2-4823-a296-613c718b2953,View,2024-06-27 00:08:27,5867fc287ea79e50c96f48086966140057ff57c0dd3aff50990a18e0fe1af367
fd5625b7-de22-4cc2-8f04-4c1f730022a2,9363c2e5-2cb5-44fb-bce3-30c1263a4d4b,View,2024-07-19 08:54:49,46033a164b86b9b98bdc8f0a5fa597bfb3ea37b5624c563c5233c0a60699468f
004a80af-4cd6-46b5-930b-eb21a00d21ed,84f5c024-9af8-4787-b37c-e6abc6207054,Delete,2024-03-17 20:52:58,a4f9aef50329f6abfb5a19f8813bbf7a3ace76099af5453f8c7d0dcef47690b0
5dd573e4-398a-4de7-b606-4e6ce10c633e,98671abf-cd10-488f-87ae-f6081c706503,Update,2024-04-06 16:46:17,2ab33b18274de3f0448615b71fa224caec4ee68091d78e121949f435704ad3d0
288db1f4-e233-41b9-aa8f-55aba0c0cbe7,175d70da-3ea5-4f65-8d64-5ecad49eabed,Delete,2024-02-09 03:45:59,08691760ffea56fba4c23f31ff934acb8fac117223763117247718f4628d15cc
eed84154-441d-4874-a2fa-dbaae835b88b,b082bec3-04cc-4747-b360-d9a617e69a09,Insert,2024-04-15 19:49:17,a99ee1dea3a885d801fa45a63aadcbcfbc0c9bca227925e24190e88d6c5e5852
abc9bc12-3cde-4904-a6b8-d2b0b52318d4,270d852d-7737-4ab0-b811-fd6fb988b340,Delete,2024-08-20 15:53:40,a18068bffd4b9726104c15a522ced142357b5aff99b134e4bad55091118f3ef0
6d891f2e-a959-4966-b7cb-bc09bfe6acfc,02c9d743-47f5-45b0-bc15-a5ec8eae8cfb,Delete,2024-11-29 02:36:18,63c8946530feb81ff193e4d721cf712c6bf3db5b6f898369f515468a09781d17
a65d076c-9e47-4e8b-8d81-dac3d760de48,16a14358-1b12-4e57-95dd-ce2284ffec03,Update,2024-05-15 16:51:12,95eea7577dad8fbd43ca580af5c63bb5321be9e49617e88bf25760049481a258
e4d83ffb-dcf9-485d-8252-025a1db4c7b8,f6aff20c-6e56-400c-bc9d-1eba984acd8e,Delete,2024-07-03 00:51:19,c15b03617b8ee38bcfafaaf84ec69f4ebf9162ceca1dfbfbe9372c5577d6a36f
283d6b96-a79d-404e-a129-fbf896b1b7df,054c5ce3-d056-472f-ae98-95d3856e0fa9,Delete,2024-02-01 04:21:30,3565ebf4abf070bc2ca6daf31e32986d1c3491a16736a7e78777f4ea77083957
6009b106-90c2-403b-a3d1-894a61045979,89e172d5-96b7-4b7a-8d05-bf8f81ec4dbd,Delete,2024-08-13 09:58:45,36a54336c95fbfcbb13f825674e76811c9fad6438f5ee95456ba2d9eb53e2b6f
249487ca-f25f-4477-8d59-eadf8b4410be,0dd54940-b3c0-4de1-b590-624cab72aa89,Insert,2024-08-04 11:21:21,6cc2a9f40359ad6aae092da79721a7bb791033c65a30cc527305b8177acf3872
f4bd74f6-8035-4c25-a5ea-d4bbb8a113f9,c0f43d53-cc7b-4a75-bf97-13821b51c9b9,Update,2024-08-05 12:25:17,7eb7d1a8a2dfe7313663fb1b87d01fdd069b5c8b953f6604e5cdaea553936692
55b9e310-cab2-43a7-8e5c-20f0ec97d3ef,459fe652-04da-4b76-ac86-284e0ccd2bbf,Delete,2024-06-01 19:58:32,eebca2b0df607f35bebb87d20b270d770fa1f6ed30dcd074f7135f84ac7d904e
3b45ea12-e759-4536-8dd7-369603031924,6b8a8abd-bd51-43b5-94bd-4cf7a38e3327,Update,2024-06-06 04:28:41,d7e0b92fd2cfcb4af089b688888687a1b495aeb9c4e07121fcb611f721bdcdd9
5e121d62-4e55-4839-aa29-6f312b4e0b91,e1d0d592-3cff-4654-bc30-2aedcd997054,Update,2025-01-11 02:49:46,af18e98ecbdd851c23eda65b919d1d2444d5da66ab6c947a8a5dbd5c413ef6fd
82ea926d-2c7f-438f-b421-26b9156153eb,a4e7ab16-0bb4-46b7-b08d-c7e327e7ecd9,View,2024-06-23 18:24:01,ede4230db47fa00b47e7375978ea1b7f361e9e94278d8b19bac322438fd2f9a4
d95d7fe8-33b6-4fda-9646-68e2d9d261c7,48b7ac1b-a354-4fd1-aa17-5845d865e5fc,Update,2024-03-16 17:58:20,8801bf68b5419663d913b18788d0f52c0e80a12e6c22dd1979ea8364a71bbc88
d3e3e1b6-7720-469a-b6a3-cbf5ce505031,d503dcbc-5a37-46b3-85dc-a9cedbb00b1e,Insert,2024-02-16 21:47:16,d44a9c86c959e028051b473c149c48c44d723e3cc3107e1cd492483e90501324
03778173-9e51-4608-9b74-64fcebbcb296,27958655-6808-4d99-9308-ed77337e448d,Update,2024-12-18 08:26:18,b25c10a54b9ae218e6796e83885ef957c15c656661505b2a5f6e32d9c86cf4b6
d7550668-d756-4bae-8d21-7e242a102dca,3907b7a4-b9ca-4ac2-a247-1dc3a13c147d,Update,2024-10-02 04:45:43,f27d98bf57366355c3f89b9e94e6a245a25f39870a0d0dbab2e24af4d0b67216
dff477ba-675d-4099-9476-b32bdd071110,126463a2-2407-4c3d-874d-673bf0c29c57,Delete,2024-05-04 12:07:44,0015f7bde2d2e6fb32782e95ceb8a2a185c57dad00eb4a6b50a007b62681cec6
f0fcf1a8-dcf3-4fd1-be64-d85b6bfdbc7b,21f614fe-c200-481a-956a-9c16017a9fe1,View,2024-05-07 23:53:32,acbe9e878dec628c7a2d7b90fe2a5f3984797c760726670d04492190c370096e
482dcee6-cc0c-4ec0-9b87-1e97db6471df,893d224e-34ff-46e3-a8e8-7de5f0781228,Insert,2024-04-02 08:43:25,ffb02be14cb8adc195641bdf61f29edd6636d0e8184970bcc509b11d0a8ff785
498928e9-5cf0-4a46-abaf-de1a35386cea,53933845-0684-4c94-aafa-ff37d3ed7784,Update,2024-10-29 16:27:07,f1c42e3ef4910e26673993e7a8680b18decad8bed50b3d2fabbcacc6502015de
c0258b33-6f82-4770-8d77-94ef6b0810a6,2817f048-5f8a-4370-9fcc-caddb94e834d,View,2024-09-03 11:00:59,fb104f1c706c01a2e983adc7dc9c9339e634f17a280c2cbb2c318fe23eeefe92
1959f773-4e03-49e2-94bc-2c492ca5802e,89640e32-de8e-423e-a4bc-21cbef0a0e7a,Delete,2024-04-30 06:56:39,52dbd5173bd53f682ee27dd94bc14f688a838ffca43cd575e6d9aac1ccd2d2da
3fa118e9-50b8-4839-a733-a73e3e211af6,f68395fb-6487-426b-bdf8-f17dcfdfca4c,Update,2024-06-10 01:04:52,10346e24c58bcfd540e8115bc5c374e4d2760e952f169f3a045e763b473b9683
39a75077-bf6d-488d-baea-25c2fd4300ad,da655489-01d6-4935-8c01-20a73cf8ca5b,Update,2024-08-18 20:37:24,5b758dfc5987c180678da40349222a601ea13d39933f70ce00ebf47e15d97aa9
41c1a20f-5742-4815-b4d4-9963ed6bc590,557bcd33-97f4-4bad-8761-1659fcf6cb05,View,2024-04-19 23:30:49,58fceee222273c8ed3ac56b4ee0ab247381fb368acad33986327e2e5e565bc83
8d970883-8a10-4a46-955b-1967cef5cc16,31505c6b-9feb-43dd-9126-1d1b812baef0,Update,2024-01-25 16:00:40,efb4598b146ebd5d6345de4d4ec6e0a3b64812dcfbab4c3e9e9086977630d6cc
c86a71f6-3390-4aa2-8402-4654e0a8d6b8,7c95ab38-1495-4a39-ae86-a0e5992cc8fe,Insert,2024-10-05 19:30:50,b0c9c94f3f18918400aad0cfad1769d60fb54958735eab277651f1f8b94e1c26
e497a850-25c6-4e6e-8d19-4b227d281dbf,c8c56783-8ed8-43ad-8071-ed6a551af686,Delete,2024-09-26 04:12:12,e84729bbbb2acffe4531c66dcf0cf480aae391b8329620ddd6c1e35077c11514
76e14220-a941-4226-a13f-545d07241970,0b7a8567-fe64-40e8-94e0-2510b1846adc,Delete,2024-05-05 06:33:07,86c5ec10b6bfe6b490f36ccb081835cceb79342472b3be5bc3ba8b780414640f
f640d4bd-f04c-4038-a359-7f7f04b46cbd,893ab84b-3f0d-4a06-8ec7-f7fc8ec12cd2,Insert,2024-02-17 04:57:32,7b9701b970b1a502fbee6dc4810a922cbded9a4613384d9748511272d3654619
7dbca095-dd87-4969-b3a4-170b78990218,a1ece75b-44e3-46a8-8758-85e5e9ecf82c,View,2024-01-29 05:33:05,acd425120bf1d8be7b07bf53d821a9d7dd7a29f956dc4b1bc34f5b2e2c955f25
dc0935c5-2365-4abd-a858-54975d682b31,d5cb52d4-3bb5-4d26-9fd7-d9ec0b1d81ce,Delete,2024-12-29 01:31:13,c276a3a86a813e4376b177914d7d1a863a9817c076a2d3f39777a2f255638fbf
2e0124ec-53aa-43e9-bada-6facc9bdd4c9,a32359c6-5091-4212-9041-5faa84e59483,View,2024-09-14 19:19:36,93e103896abd216a4752d063cd045e3785118c3af9ad40826169f9e66915459e
c5598d48-41c6-4219-9f0c-3dc2a5428290,377501a9-9c2a-4975-b19d-629fd7874a34,Delete,2024-03-03 05:05:28,4ca4473671f37e5fbc80d1d8db216895428b69f70c944710ca07a82d9e74a2f4
160cf72f-04ef-4dde-815f-43f8a1dafe65,e38d4e0e-124b-4784-9f72-46f50f5f3cb4,Delete,2025-01-11 05:52:06,15da9629b996fd176a0a63199ae73bf6544c71f00ad36824103fbfabd9945e76
c4cb47d2-519e-4396-b613-603e7e96e3dd,956790eb-4879-4664-bfa9-0d2c96981f26,View,2024-01-30 10:23:26,3968c18be9e5f182b3dc09fbc99abbe49eff79e682cc74ae152a61113d533976
d290802c-bab2-4638-a885-df257f7a842d,67faf906-c11a-4dbe-a623-fb63d75622f0,View,2024-03-13 09:21:26,7962ae7e91c6100728d4cd4e14f23d7d9bd74cb6ac47cff994751399898c1ec1
718f57ba-a5b8-4cf5-a0fc-4fb3cdd7273c,d4d589c3-6326-461f-b4ec-48245cc41564,Update,2024-09-01 19:06:54,9b83cf03ab6848540dc87d54cbeccfccce1fd5af1b2d8e5793fd09fe04d3cba8
e62dfbe7-8fd6-4b31-a098-f26c31f87579,e58e2a77-b172-494d-8816-6f69830ac6fa,View,2024-01-22 03:16:01,86bcc60f9086372467a0bfe65bb96091b075c58a2bedb3117070bbedd4438252
28ef9e91-3231-431f-9ec9-97e8bc73db72,38b8d6c6-e499-4f63-a353-7bdf63d95f5e,Delete,2024-05-31 09:20:38,fa9a776b3753f46750567a9210d95f481792489b056136196c86de75d662e229
c6fa980a-d389-4eac-91fc-79873bed77dc,84f74bee-9ffe-4cef-a5c1-40d218397fce,View,2024-07-13 04:15:24,64af0374f66f9c9626b56a3ed2486fc4f6b81d6361bce74a91dbda5a8e5836cf
909580db-eecb-4c39-9490-444aa885c88c,d1450209-9381-45bb-ab58-d6df427c72e9,Delete,2024-07-07 02:58:02,e4286191baf9aa41ad01755e3136ac7ae474dbaf0a9b733a28b2c3ee577c7c71
68495029-4fe5-45eb-954f-1a69397d216d,4be382b5-cf67-4d83-81c5-997cf0a4f1de,Delete,2024-02-15 23:50:09,73fdea0b4fa62df5332f1f44945110ffe9db7f0611ea9596665163cb82e2f759
83ad5a8c-35c6-4157-b08c-3eab9baab1d4,506c776e-f4f9-436b-b80f-72a9c359bdba,View,2024-06-28 23:55:18,64534eb49b255a77988c41977e0e520b8e4b50f42eb17ca46730dfa42ece9ce4
d6616114-3e3b-4805-8b1e-2a8418ccb2eb,d3542b15-adc6-4e67-96c3-069ac83fc758,View,2024-06-28 22:01:55,15571363ee53592f8e27585101b616678a8bc7b8df14dcc29307daa93ef602d3
d4ebfe60-f753-45e7-9616-47e900f5a170,a4b90ee5-32fc-412a-9465-63a5e7af6952,Insert,2024-09-28 06:58:42,e855f130bf05267f39fe575df8254460d9b380fa07356df5d5c35207f8bb091f
84623516-afdd-4e8c-a9bb-a94356684735,c1c24a3f-e2dd-47b7-b005-acebee104fe7,View,2024-02-23 16:24:26,ccb81f226a0547454f52365b72afd7a0dc78e10e10aab8f8810a412691715088
7d78ccc0-2cfe-4071-b21a-247a8e9a2b32,0d2d31c6-279e-4378-a35b-0becc68351c5,Insert,2024-12-05 18:34:30,5d21f8861dad5ff0e42fffffb543da80126ac3f78360fc02d4a238c565ecb509
676f7467-e39d-4593-9bd5-c0ee128633e5,08d27840-8659-4023-b2f1-0c6b92d2e65a,Delete,2024-07-19 10:21:04,0e60303d1ebefccf2c8d89feff2da19dfa27e56e76cb2a779fb84e2f60f9a1bc
c9661f2f-92a2-4f86-adc0-395d1fa589d2,7767bcc6-fbea-4193-afe8-93e77fdd2a48,View,2024-05-21 07:07:55,b7aed84d2721e676bd19d86b53add26029b3ff7c4f46da39af188cff36720e61
96433c1f-3c1a-463a-aa78-e3a64b839758,219112e5-2f43-494f-a0f1-7575035a660f,View,2024-10-10 04:17:33,e101edd867548e728625f7d0be1f53383dd936767c5b34bd422fbc5bef10e005
4ed38294-4f21-4e5f-9636-cf1027a3f9b7,97b8b64c-8bd2-4888-888b-70fd6c75e2b1,Insert,2025-01-15 23:21:41,874441e4cde6352feae1c7cd10118f6f4b2a80d7cd86c03706d3143e77dd4f8b
3952c8f7-64bb-4e8c-a89c-f58f87be5004,d1c51d67-a556-4027-9c50-7a2906c71ad3,Insert,2024-01-27 09:41:04,03e9b733c07389eace3cc974fb15454eb4a25b9033416f8d3f133319ba816f0b
d14739ea-e8ea-4e8e-b0a6-ac430e810967,b846dade-63fa-49f2-81e9-a85dc72b78a6,Insert,2024-11-11 05:15:31,467ff0b4b9b98855dd55daab3968d4e16b159be9f19a14375fd211f64f520694
fd7873ec-3976-4455-b36c-d9d238fb3d77,717323aa-db08-4995-9396-89054efa3e7a,Update,2024-10-03 13:17:08,97bea4a94bcdfe4822680baaf27ddf8de2e665d2559af4e49addfcf44ef41047
58d6ef12-8dc1-40f8-ab15-9ce9b3f5d420,c219aa63-f4d9-409e-88e3-2aca3f246286,Delete,2024-07-12 14:57:05,1f1e1672ff44d9a1a5acd7288dd483fa42263a907000d2bfcdd2892a94153a53
fe2125f5-d654-4b37-a2de-97214d8c49c1,85d49048-3b5c-4729-a912-86863b7ed832,Insert,2024-07-29 22:24:53,e523545ff772370c63d64072c866c764390f32872b62d3a8c81f750240758677
746f5909-1afb-4db9-8907-5bd8d9bc332d,15bd606b-94d0-408a-8407-76eb3cced37b,Delete,2024-02-24 23:14:00,c70e8417e331db5cb82d64fb6fa47295a10c404639d17192cda43b677cd60f1b
c9b340b4-7413-41cf-98ac-7cc2f56726c1,8b2768d6-d16f-47c3-b1ff-ede5018170e6,Delete,2024-12-21 16:29:02,2263b81e6d701890546aa25a752476940d0b4a3962895703d168005088d68db1
78fefcef-5129-4afa-a549-f042b39781dd,16ab86da-81f5-4d57-813b-2e6ec8752fd1,Insert,2024-09-16 02:16:44,8699d620ddfc1ba6152f7a6d4ee5c2fd340a90f722f5ce1fa1083c7fe7b51167
16708582-28cb-4cc4-aaf4-4fcefa6828c4,2fe75e96-fa27-40a0-aeac-49499bbe5d80,Delete,2024-06-07 08:07:58,909aad6179c42521605951ad6410971d3bdd3ac4f57571c8a58df177854e6a46
45b42e5d-6ba5-4b67-a69e-790d7cb6abd0,a58bec56-d4e1-43c6-a0bf-63b92d694b6b,Update,2024-05-29 02:57:50,e23801f3fab4988031a4604e99dd7c665f86b1b969c4f6538062a99812b045c4
12860cb5-4932-4385-9577-3c3c589f6cee,c8363145-b278-4744-acd8-26c79edcb4ab,Delete,2024-02-21 12:14:02,17f56a3bd850ee2e74540ad97936c74d65cb6f6c31eca33b34821ce7489d1a80
113d4efc-fd69-40e1-8cac-cc07711e9b4c,7dff926d-a34b-4804-a914-ceff804879c0,Delete,2024-12-10 07:27:06,edda23da27e201ac93ae3846c3fef739d28d3b089c8f71fb0ca3c6e3888f07bd
1e9bd3a8-61eb-4f6a-9330-c625369097da,af93bdc3-e0d8-48ff-887c-df17955a71b1,Update,2024-05-13 02:12:02,c915d553819b9f5ad663630195dde79bff7f429eb7f0f04e0ed9e756ff492f83
b97ddf1e-9639-436e-a2b7-41d34bfc730c,b84c56ae-d3ef-4fe3-b512-c0b81e2e4459,Insert,2024-10-31 19:41:04,ad8f4599ce69345a30aa5b44b586f94510fbce70c091452f7e7c721420856a6a
0c1b84cb-7285-4169-94c9-5d4b9188d636,713c0df4-ab76-49d0-a783-b85805f33c7e,Update,2024-03-24 10:20:51,79e0a641fdc4a23876d2a2583734d03e4c5bc4beeb5123a1293153024a9a503a
84d23754-2bc0-44a3-8c44-d88ba97459d9,e4b3b11a-9f1e-4215-a579-68563f135953,View,2025-01-12 05:41:32,3ab127fbfc466b94aa0055d87bd38bd71b46d940703ba16b82b91236969eaf0e
c8fa720e-c1a7-4ca5-bc7d-9f07cc3133c7,1dd9843c-34a2-49a3-b2a2-eab326e44c44,Delete,2024-05-14 19:28:31,5742f34efba77ecb099310bdc3bda898db86a5604bfefc2d43bda4d6c20e6500
9fd85e89-c14f-4d6d-b946-4780c19b56e9,5ba35295-2b3c-4fd3-8a38-f29430f89d0b,Insert,2024-10-07 18:32:53,b7e368d92b9dfebe2b4b46ebda9301f61896be8b99cca29c8a679ea122014526
fc0d4aea-20b3-4f9d-99e6-8980e8221111,83d61d6b-a602-4c9b-b8ad-77905287cda8,Delete,2024-08-29 21:01:45,c493608d0b0f41fdf980f1f0d0985fe6718ef3962245767f86081723928ba117
48b9912e-e580-4ecb-8170-fba077d53fdf,c9baa0a6-f7ea-4d96-b655-d63c15bca4de,Insert,2024-10-25 20:45:39,75c972ea32c4c05003a0991641a38d8e08fc39b8cddee2a37309316d8c50aa1f
218c180e-cf7c-4da1-9c90-e38a13c1427d,e218be01-23c4-47c0-ba06-fb59ea8e4b14,Insert,2024-03-03 09:45:25,cd5fd89bd1f38938ae7fcb6671689182c5cc07fe9d1df9155664382f9bbb0164
f43149fc-a793-4d76-a782-01f79a2c38fb,4fc160e8-0dd8-4993-b339-b9e116b63b30,Insert,2024-04-08 04:17:13,0808d49719dca14f2e58d52b24063d28ce13e7b546473b538664f7dad203cc91
f558cb55-f8aa-493a-a524-5d0ac620a6b9,9c307b9f-659c-48b5-8ca0-605f9c7d8299,Delete,2024-05-10 18:32:31,a70659925078319c3a5727c9c8606839e7fea5bb4e4843b1ce8f79b95ee13f7b
ceb81b6e-3d91-4336-ac79-d4f1a45d4de2,04a07690-338f-4ef4-83a3-6a4346c4e7a9,Update,2024-10-20 01:52:44,3d7bfb1ace3fd73ea1df6e28a0040b3226b967875d7427b0914b46f68ce5e39a
b5b43158-abb0-4106-9d6f-d357bf5b468c,5deaab99-3483-4fba-a46f-de7f964d7d84,Delete,2024-07-04 20:07:09,ed13f6ea3df8f3eb433b6b0a444a92b5c8d47fdb3b7debc8d61f27b0ec3e4ebe
bb39022e-ac06-4807-a2b5-9e345a59d4c9,fd7d6a9a-5bbb-4aa1-a87e-eb0778082ca1,View,2024-08-06 22:51:49,9e2495afd90f85eb6e83d743730519ac2bb91a343f8fc85483c09ecfe9b09636
89619d23-5f76-41d2-9862-3fd5443068a2,08d59fee-021f-4989-b7fe-64190f2ae8ee,Insert,2025-01-13 10:23:28,9d4d1ecb01cb7ebbc6ae7781e6407b133af70152829ecfd13163ab1dba87e595
5463db2b-ad09-4569-8954-0d443046f777,dd1cd7fd-cc25-499e-9313-ba71f15435ac,Insert,2024-06-12 23:38:48,84310b0b662d93660f99c714b858ee41027db98d3779f6af98a35b0674e93794
9eb9d537-bdca-4a2c-89d1-07245ed5d3b5,10e1962b-1450-4134-aac7-f297e5fb2b81,Update,2024-11-11 15:45:54,4af017e9d721502d7b5784d9df2f7da260648c509d99c0e99f6127338635f9ff
70c8867b-35e3-492e-ba02-56189501699e,dac18e5f-cffa-42a9-8e69-41cb8e2c73e6,View,2024-09-17 23:53:42,05ab568d628aa0a08d4f149f882c42062a3cc1a5d01b213dd1abaa5db35e2fd0
2ac887a7-e6bc-4cfe-b537-d482c0168205,7fcbd25f-d3c6-496a-871d-5dc1b2636237,Insert,2024-04-24 23:43:17,6a0e5b23cc5050ee329a4d25272b294cb9e463caa781fa8325c6bf1c0d81fbeb
5ab3e78e-7ae9-4096-8ab4-99f9fe05f4c5,6bd3d378-5e04-439f-b48d-981dc4221633,Update,2024-06-14 03:30:17,b99d8712a7425e6808d7575e15cd4aa16cd3c22df2090b6e0584d9cad107d1aa
190196c4-c4e6-4c6f-8b0a-58c1e4f1a215,74a5d03c-39f9-435a-a975-d508c6aaabaf,Update,2024-06-10 03:11:15,3fc9f59e1ea5a6d78394ef37b8ba9fac49804436a646dab6b2ba0b9db0773fd1
33eec58c-f43a-473b-977b-7f43da48925a,9fc35857-3565-4c3c-9fb3-17aeff4c08a5,View,2024-09-07 09:51:41,9c3d6eeaa94eaeb5d1cb696e1ccbd8e2c9863aceb208110640313d4c0aa37bee
a3ae39d9-842d-4c9d-8044-0bfddd0a2f20,b551fc27-d4b6-4088-a7af-d4dafbe4b2d8,Insert,2024-03-14 18:47:59,20e5765ea2991dc46cf304526a18387bd5aa6db13d7d5f17950eee41be411595
46501029-0ed6-4ff0-87fa-80c87283732c,1abe6cec-3444-4024-9eed-4d5a726c0d10,Delete,2024-02-01 15:25:15,4d72a85799f4fa9a8f7dbc4b15e91d11803c338da610cfb2389b6ff8142c8384
f4652e09-8f99-41cf-978f-b164c169df53,21c6186f-5d7d-4d05-a62f-4665c8b80959,Insert,2024-07-30 12:26:10,186400946145630b2c95057f1d1eb0d16f6d9b4c38fd8de26aaac9149c8616ec
8e5130a7-5bc8-4047-a0a5-1d63fad42b88,d17abaa8-6b00-4603-83e4-1c2edab32d03,Delete,2024-04-19 03:37:59,993f9d146f0b37e027ffaded2162a25f056d0f3c6a3248381ae36edc95b59268
59d9a283-ce14-4adf-80fa-a931a969d91f,ed62c07f-62c9-4be4-bb5c-89f6c5156995,Insert,2024-12-28 19:31:21,719759e9c34dac8b9405dd4d9338a9247c83b7bcc2dba8514eb685eccdd3d309
0bcb670f-20da-40dd-93cd-4f96469c1d98,ea68dfcc-24d8-4820-82c1-c673dc8e317b,Update,2024-12-28 16:04:52,ebb64fb94df7863a2724844c0653b279f6e488c1897966e1ad89ca1485338341
8bdfb22e-67f2-48a3-9125-36f5b6a00a40,405e4de3-b590-4e73-8799-dc3e3cc57f91,Delete,2024-01-25 17:07:03,81f4606b113bab0500c81dbe192f063c46c2254894f900f5faacf814a71eb40d
36c758a8-9ce8-4e53-9c98-911a6dd73b96,6d300ec8-8447-4c97-8061-031f94f93ce0,Delete,2024-04-11 06:42:39,e1794ddbd25b97e9088bf724d719f77b35b2073d959dc8ec173d1094c08595c6
7e898832-f8f7-41d2-83fa-2dade6b387fa,8f59bce2-fdf9-4214-bbc0-7b4575e24241,View,2024-01-22 01:14:45,1c9d6820be3183fb3e7da515377465c8a5bc028039af94fb9f3e6c53fbea53ba
df405957-5038-4d30-a5e3-09ea20cfd6ab,41c96d6b-b685-4874-aa5f-d146b25810c2,Delete,2024-10-09 01:24:19,02ff5bb46cbd1234e18434defd24b8eb49ff0dec5aba5e24dd7bd1f1cd9074c0
92d466b5-1591-4745-8db1-d15b4de2b334,a0f4b9fc-7a44-402b-98a7-fadb59f548db,View,2024-05-13 19:06:13,c6206040c7d162417e5c9a86ebaec67e9959555cdd1846ccae33cbe352b8b444
82cb7d4a-b5d7-4fef-9e46-0b3f637c49a2,5e49e083-25c8-4350-8828-d7a90bfd698d,Update,2024-08-26 19:50:56,8d50a51980f632656328da6133675ab85f1f69f6c60b9e1e05e72411ea45b952
5936e9a0-4882-415a-b535-4bbc533fcaf7,43a0fcf3-fe29-41cd-918c-a0ec96a5f0b3,View,2024-04-22 15:48:37,444f9e4e626fcaf817968c36f518a43edb54584a27e63d2f20435b014073417a
154bfdad-071f-4aac-a775-661fa4bb5786,9261437f-2fb7-4359-82fe-e2fa3a344b7f,View,2024-04-19 07:45:31,8a758051d64b05869a9001f5809b0dac3c5dbe06bfa8fc41c5eca06c24d28909
27301fcc-a895-4bcd-8669-6924d4bbad68,9750b1f0-7648-45a2-b243-366ebcb767d4,Insert,2024-03-12 11:39:28,14fc8f9d9938ce612b9ee4c8a9418f57049c182f990dec4170efd3174575c4cd
0285779a-299f-4ab1-8ef5-f9b0bb63797e,1aa3b41a-9711-458b-9fc7-d7d21b0eae1d,Insert,2024-02-19 23:54:08,ee5f151db9449341c37a41c245e2bcdc57e48c1a7aa114da1f3de1a2a9152ec8
d5b25617-53d1-40a1-857e-c0d2f49db1c8,f68fa1b6-680d-499d-b8de-086c4264b0a9,Update,2024-07-22 11:38:23,037b9ed9189f66443b8ce71f8693138264acd17951615a04ec307220c5f68ac5
e95269f9-8e38-4e6d-9b24-6437ccfd3c80,46a8ee9f-7836-4bd1-ad06-b7a43ba9c65e,View,2024-03-06 03:18:59,97cb879da93c0b2302b5207b1860e0ef6074fab6b44830c9ae2171e77057ed95
9daa159c-2b8e-46f8-9356-4e7f9ce4df26,bb51d96b-0ca3-4b18-86f5-71fde1bba34c,Insert,2024-02-05 20:20:20,5f1556be5e3ea9084ca64a69b72d8639544cabbd3a4aea761b1bb7e63576f040
017e007b-d43b-46a8-8447-08e240d42b09,c1a8c552-0c53-459d-852b-4dbffecc5d28,View,2024-04-15 06:26:26,b525ba67682c4021d9cc84737295c6f55856a80d7f06823ef0f39ac39d26b2ee
b10ceb51-9b8f-4660-a234-e5ce9813689c,6f576549-0858-458c-80f5-15ccb9dcf351,Delete,2024-08-21 04:16:19,7dbb723b80a963c61736c5c990ac07af0eb0560177aaedbeb7df73bfa6990c19
eb8fa572-11e6-4de4-8b0a-c0fec739d03f,de1a92e7-c40b-4ba8-b02b-b9462a0ca1a0,Update,2024-07-25 02:37:51,75f260f02b838356fa430674f66aaf9ffeb556373b0fb77e750c414e27dee4d3
64a66584-9791-49b8-b48d-e630632b8c93,ef6987e2-a496-45d4-92c3-2dffb473fe95,View,2024-05-05 08:34:28,8741ec6af82bd9e8aa735473cec75367295b242603ddf63e822233ff8c2520ca
c60450f2-d44a-4428-8def-d94ef787a03e,242675c7-1232-41f5-9206-cbdb83539bb1,Delete,2024-12-11 09:32:42,6450417a1f1bbc7ab12f159cadd15ac82e4d818acad558ef8912eacc210764a5
78797976-d44b-49ae-b370-87a252e6f8ba,eef916a1-51b2-41ad-b669-3462166588a8,View,2024-11-29 20:01:46,b3429c71c1c2411ffa0aab9579ed8279a9cb06d2a1f7a21687981f30397fedea
f2433612-60ac-46ad-b6da-55decc167222,1479a2c7-2614-4bf2-a7f9-4304aaa1cc92,Delete,2024-11-29 12:16:07,32ec12f91490be8b1c7dbda81259bdc6beb029f0218303a2080438ffc163ce3e
0dcae92a-b9ee-4c7a-a66c-5887e71eaf12,5a5689b8-6b76-4358-a294-3b0df28d8e5a,Insert,2024-06-21 08:38:30,a683032f18fd942ccbdde6a8d4fe5c80369dc45e6986e61f411cab04c757c9eb
80cb6f3b-ef2b-46ad-b389-b8344212ad2e,45ca42a4-4558-4f3d-a82f-af010e6394c8,View,2024-09-09 16:40:40,5e560926b29f3282ab1cb2e1449f34b0db672090f57d62885f2bcd1ef17f5194
2cc5ee5b-5da3-45e9-8b37-51a1ea13d2af,3f3f06f6-0722-447f-a134-25d5737fa5fb,Insert,2024-08-09 09:21:42,26661436cb428339fe738897fdb50f15b391a1be8061075ca434fed9d6470cea
d5e85555-d309-4a9b-9139-82bbdf52d265,64157075-e071-4089-bfbb-395392117568,Delete,2024-01-17 22:03:10,b0cbb9b3844ae85acf4bcd3efe2fc4b3fe3dc937306691f3718a3eb5d6bea33e
d31320bb-0aed-4c45-8c29-c39d851083dd,c608ec34-a195-4f91-92db-00528890f2b2,Update,2024-08-06 09:03:57,68247bdc639c80f8fc12f420fb5d0751a601df101ee94464013ba0d579dfb15d
f6e88c40-d085-4841-b55f-ac3e0cab30f5,5a2f934c-7463-4141-b8f2-12398b35c137,Update,2024-11-02 20:20:41,798f190c2a2eae7475b280090a47495ef8aa384a24c5efef33ed9e2792660d78
7dee15e0-97ed-4fae-9194-60bf2892799b,6969a2b2-9769-408a-a73b-e0870271c3eb,Delete,2024-12-10 16:11:55,000ae2c2390ce807c22734b01fd53aca656b2cb334cf49da68754a1956dd2791
0ed0ae32-4f7d-408f-a268-7927b99fa6c7,dec58374-94e3-4b2b-b494-f028b61292f5,Delete,2024-12-28 04:44:38,0a5675760a88c199543cabd9e7531642a5ea39bc3c7af993daea9f7fae6f849a
5c38592f-fb25-436f-9240-0fd647fd91b1,b093bca8-f678-4b8d-8c28-8722b35cd0bc,View,2024-07-07 10:25:12,4a74ec297b94e71a18750b119e86768016c546c4d2376d0f2c3a546d7b812131
3d445cb9-6f6d-45fb-8a8b-9c79544cd79c,36aa760f-7a2f-43c6-9cd5-0c9a802272e9,Delete,2024-05-16 09:03:25,e25d637f7efd4741bd5c77427e3e742ec50caf021a2d43188d29ccd8d6f63cb0
02336e5a-4b32-4156-8dd7-1217803f9c47,44abaabe-ad64-4334-9c2d-db28c137c19c,Update,2024-12-14 05:33:04,0ee7d871e8885f2ba960d1b0b0eb16123a0d20a542382bba9a1813c9d6ef096f
7fc29691-d37a-469d-b5c8-cd13cd7e2c12,e51d9e7b-2193-42dc-9043-10ca4baff721,View,2024-11-25 08:50:13,6994496a452cc21e787e95ca15e08c9d722c2b53462e2d9edb84d4b298f35c7e
67de0b10-c684-45a8-9f54-4a5b41cb8da8,e05829b1-06bc-4a6a-b23d-57a72f0917e3,Insert,2024-03-20 12:35:52,0664734f0e1c3c62d966134e91e11e010b2e0aafd67a2fa8bb5fc78dc1943bb9
8f9fe81d-c67f-4147-93bb-9031220b9266,89cbe07f-6bc2-41c8-883f-1f6a34ddeb85,Delete,2024-10-25 13:38:15,543c1d90ef046db93fbc1a209afea67ec2ffd79a95caa080d5ce93d627aa7287
4eb11343-ed10-4985-8cf0-0552c08a382b,bf608df4-7df6-4ad0-8dcb-eccf8dafd3c4,Delete,2024-04-15 21:46:41,29dd1797f4de4b4035738cb61e0a99475d762df7ce67aa70d9195b00bb137819
67b94e28-c80c-4941-a0d0-7d86e851576c,6c1ca045-2fea-4250-853b-8a3083b70f9c,View,2024-11-04 22:25:50,0db9f8c74e1ef7f14baaede7127cd44a8e37b0deb70b7dff41879285c801515b
4fe863ec-f1a3-4f3e-ad6d-23ce0967c792,bdcb7781-33d3-4d7f-a61f-c4cdec5f51c5,Delete,2024-08-18 22:40:21,9ab0e7d31277e182f831a43390d6e2b8dca59a4ec6e60b8f529df96a8118814c
fe18fd70-9f45-4c9a-919a-d5ad852eaf19,b79c57d1-59ab-4bf7-ad26-0578572705dc,View,2024-05-31 00:45:58,1bc673a897c1d32108a85c7ae56f15b39b439ca9aa10b963f63ae1f7a9a274f9
cedeff95-661c-4373-a693-a8dbd065b046,d7d23f4c-ddc5-482c-9b09-de1f8cb47987,Insert,2024-10-04 15:15:12,799b17c980a6a880ad51d132bed2f4f9e742234d772e05b48d77895898419ac6
0d679591-4e0a-4d4c-a889-225d34df72dd,614f34be-24c6-47ee-9a5b-92febdee9c35,Insert,2024-04-11 20:12:06,647dfc3cba152d28a892fdca4bb041e05baae5eeb970b65ff99924837d0538e5
cbfd5b44-c34b-45a0-9d72-cb3bcb0de05d,72385651-d413-44e7-967a-23fdb7e7afeb,Update,2025-01-11 03:36:06,845a220475345db4edc67774f6e9204f221052f756b6229903604d0f3b05d55a
8154ab7a-1baa-4fd3-98a1-afcbb37dd1fb,207ece7f-fa4d-48b8-b6c3-192a83812692,Update,2024-11-16 17:48:39,5c379b5910ef66cbbf0bf97f281863456cfff64b11eda790059c4c0b47e5853a
5f79b370-9dd0-46c6-8eb5-226da15fe46d,c94b883a-4df5-4d53-86af-d43542e4142e,Update,2024-04-10 00:13:29,e4cb9d8222796f9016928e905ee3559dd324a308cf2fdb58dfef20d79c73c81c
ae595c6e-b69a-48bf-bb25-6b2588eff842,6a6c458e-821f-4270-adde-925d480e89ed,Insert,2024-08-28 18:15:35,4cee7b13283aab5ee03ac6faf78435f2c2cab4d7f74d9dab56b8f72b4626f9e2
1e90f9e7-6855-4075-9039-4201d2600235,c25f1cb3-c384-424f-9d45-fb20518677ee,View,2024-05-14 23:57:35,20508648faef70c8f296df791ee5a615a06e7353da7440f780ff57d53399d1f5
61ca07ae-e8cc-4f7d-b2fa-407993f3f914,76905b24-9c73-4dd2-b0bd-727d14b0c8e7,View,2025-01-12 18:13:56,d98543e14d2708c02d73fc928cdee40bd9934ce94b0927965f5d54168f0688cf
edc5c30d-7577-4a31-8bd0-62cd66dea430,c64df0d8-d96f-41ef-851e-98095ad16c69,Insert,2024-12-19 08:28:54,9c4cc9d1ed822df2a36b1fc4614115ff96692ddb5a4cea9ebd42c8d4e443eb6d
095ae40b-85eb-4983-8f96-1d5ac4fa12cf,9e40a691-db77-4a83-b681-9a1e76d844af,Delete,2024-10-23 01:57:12,9217e39c73e219775d5030892f8ce76551654609385d25fddf385b765fac7b19
52950448-cd49-4619-98f2-738b6469255c,f644d3a3-4646-47bc-8517-39e8d45bd2e0,View,2024-11-12 01:15:00,44e95cbc650573a97153269a67f22d351fa6ac2ca81d6e9ef7ca11cf5e97dece
6c841378-a5f0-4052-a19b-ea9e2fbbe340,79ff8e07-40d9-4246-b3bb-d5bd72c0c77c,Delete,2024-06-14 04:08:15,167ee6ba44c34ae6bb219e01e5eccb0f2454a42d66bf82767af19f585a95d376
05568d64-9ac5-4607-b71a-d88123da1e7f,dabdf75d-dc32-47d6-89ac-9468f10abaaa,Update,2025-01-09 20:18:14,7a6f887f2cb2c3667603c749c6199c4a157ff6724662c868051b12b81d22eb02
599ec124-7721-46ee-a1df-b010cd054e79,22f17864-2588-41ec-a28d-ba92335ea130,Delete,2024-09-06 21:25:08,0b26baa5317b2289e1b736af5d4fafdcd630a83eb4a3e30c792f892b7de0a8c5
45aa444a-bb63-4747-990a-dd307334ab24,490d5353-c2fb-48ab-999a-a563313c2d65,View,2024-02-13 23:02:39,592c291ebd51118adc6c54f4a2714ad0c8d62c0c232c4dd0850ab52582f66efb
e527825b-37c3-4d8f-82a5-7e0ae0f31651,8027e0d4-7e20-4249-b63b-f1ae8fdc0dd5,Update,2024-07-31 13:15:37,43f88292ed3d012dcca421cbbedaedb9c31133c242a63f9687c22716cddec74d
2adb3689-592e-40dc-a7ff-7bcf3a99d008,6ec03e24-4e61-4dfe-b1c2-ce080098fa6c,View,2024-06-09 03:31:19,f8bc120e116ebfcdbf63547e4013666e546486d9d64574e8c7da573df6747e1c
35e3bf26-c685-4ae5-a22b-83165a39cfaa,5802c695-57b3-4fdf-9f55-9623cae9e7d2,Delete,2024-08-30 15:12:15,1d65aa10c00f6097b4358713c43c7941dc789e90fad97f13da0be8276510c7a8
0cf09a45-8b43-4cb9-b83d-ad86cddd5faf,d4513fc7-e067-4192-bfee-98f3bae11466,Delete,2024-11-16 23:55:24,22f97f3ff5d2eb3f5cebc384fc26a24f6ca6f49831224e145399ea416dde8c88
5aaf130d-87b5-40db-8ee5-4f4508e0a007,7e3725c2-3f8e-49a6-b8f5-61feee2c2a42,View,2024-10-25 01:30:57,a6ae6e02fdbe90c914f73761fef5bd009bb8dec42b0b40eab449d8a4fcbc91e1
60e67497-c41f-491c-b5bc-e5872dbf10b8,2846660a-0ea1-473c-a9cb-7e18040387c2,Insert,2024-05-07 14:52:01,4d21ffc704a6426e116f04e6229a569064ae730e0e4425b7a56ff93fa482b66f
c9b21183-764f-4abb-998b-99e1c9175579,44faadcd-8f4d-42b9-8dc4-1c706917b44c,Delete,2024-06-20 00:02:02,73257900a7b9a023b499a2122092e92ce322ee4f8eac5d09532699debe756d66
c063c0aa-627f-4e4f-83db-eb08112366a2,dc807d49-6d97-42b0-8ac5-53b85fd6ac1e,Insert,2024-11-06 15:12:54,b8243ca87ef97c51462316639885102d68b0ee0b86349e6cc7b8d1c3a25962a7
3bdeaee8-9995-4724-abe5-f85a700b9683,3c681b8d-daa3-45f3-9c11-41d2b4a0e2eb,Delete,2024-02-13 17:37:25,fcafb377cc7f474fdfe389a033908814a26acbc63150acf4a949513627ce3248
0cebe888-9e5d-470d-ad59-301684042762,8d5710fe-b9e6-42ae-8e0c-558e90ec9391,Insert,2025-01-13 22:35:32,bec031af5650d1d9a17187e2085fe58e7edd51d967d9dbb3f1d68fda18e5d5d9
bd087b6d-43af-4fbe-86fa-a2bd1e62a0aa,3b0d9869-c329-4d60-83ed-0dcfd1d6528c,Insert,2024-01-31 00:17:13,7fb1d2c26c39553342104fae3c781db5b676924a527be8613d19dddbefabd64a
7ef1a738-4ebf-4820-8e84-d7137cc1bdb4,a5d9b76e-1cb4-4f3d-882e-6908f70993bb,Delete,2024-10-25 03:05:17,c7f2db40dc37c889a043c12715397d0f92a4c79ccef0ee36d3dfaa5b23dbd52f
954ab675-5efd-4299-b4aa-14134ad71b7f,fec63cf1-50bf-42fa-93b3-37ba63dc1274,Insert,2024-08-15 16:02:02,b42ed8cf0e1b4838b6a816f60e4b8105d66e8f781f47eab98c655e4d0d58f78b
355af493-16c5-4937-9172-148757f8beab,885947a1-a340-4053-b9e9-13f5cf998666,View,2024-06-23 14:36:48,a804eae45d6d7dd63e6b018c286135c5c4f2b3432c2f8574099308c6bda88329
b74602de-5268-408e-ae78-65f36baed381,857f175b-5394-43aa-acb0-f93e94b5fef8,Delete,2024-07-21 03:37:12,b015de3ff3b5ae5947355e4d30cb3965072b0cae8a8c58a83de1577c12efd7b5
d872a29f-d570-427d-8e5b-17a8fb6b1434,6db11264-4ebf-4b0b-9046-41997b7df040,Delete,2024-01-28 01:59:58,9069487f7a09051b6069e806c1e3989c9fb10d762e4cab478bd30591decb03b2
512f0f80-b812-4c39-a607-f75f67ebee0f,71c00b81-d00f-47e3-a1a8-7fb8712c9bec,Delete,2024-04-14 12:22:23,8e52d21f84c9ccb4d8e48b482aae2f3411ecde537308b8314ab112ef036b1d94
8bfa7387-b6e8-4660-8d01-d1df16f1b0cb,a4c0bfa9-fdd2-475f-ad8f-1122fd6ef173,Update,2024-03-23 03:14:19,7483fe4e9b9050fb5595c0dd83aceaab880e47093af62e8e57e443f25284c461
34b02838-1cf3-45cb-be10-c45ac553c2b7,19c6cd5d-3466-4cb2-b418-a3a01feda5f9,Delete,2025-01-05 05:14:04,c0325ee04f10681282fd5137e001ec2313803339b59cb77561d49b98adbe407e
9f19466d-942e-4c25-bbe8-226b9f75b592,5d07b82a-fbe7-480b-91e4-5bf3ba2e36f9,Delete,2024-08-14 23:22:52,bc4303b74dbd593544836033c3e6b473daf2392e953186639f94ccac8eee7421
2777116a-92c3-4ff5-8588-ee07cf11d7af,97c3738c-efce-4f6d-ab2c-e00abdbbe6cd,Insert,2024-03-31 15:23:53,e9402674faa6e0a30589b4495f1a1fc8857c745aa8126be2cf9c6b8100963304
30b592fe-36fe-403f-aae4-021c518f384b,54b9f7c6-d91a-40b2-8920-c60d7636b867,View,2024-02-11 19:51:29,4498aa1c8ab051de42b29828791386bc1eb2ccc7974ae175ea5b4ea174888eda
289cf950-0556-4fdf-ae65-ba246ed1bc1b,c11db386-ea7b-4f56-922c-a7e76225ac91,Insert,2024-04-14 11:17:14,8aca40bb45efa55d810ac227ce598d7962fe0f3275fdd62b71f516e1cd2afb27
04903a2a-299a-49fb-b005-8395cda8cc32,e82bea8a-005a-401d-bc00-2abc43cd2620,View,2024-09-13 20:31:45,188df243109ee467180f97851bde433bb6cef761306619e2462e7a5a86d30d51
bcf2eaea-b555-4963-8db7-ad0c9c07653a,5b02b139-5458-43c5-8ea8-e7b0e77c726b,Delete,2024-08-12 17:18:42,ed93b8eecba9657d21488e587e091b6d3334ce0fee92ba5a5e7dd0220c117c34
5e52bd98-23a9-4eb4-9326-ec603d3b92c8,55306bb8-6216-408b-9c08-de64302375d1,Insert,2024-02-26 19:53:44,5a2f9cd71f4e79793093f18720dd50974b91eb6f13e8936af3e4b6a107abf280
0cda94a6-93dd-404a-9b69-12ef0323415b,b881163f-eda8-42a8-8f43-903f194438a9,View,2024-07-02 21:01:10,1ad46fc4171ec425049f91f370e1294268f5e62509d4561f6909e0e76cad6530
3fff5f24-b353-4d18-9dcc-b40db67818b9,68e2c8b1-016b-4677-82ef-c7b04635a444,Update,2024-06-22 23:40:10,63f7a562eaf233911feb094e0116ed29d8ef28eec7c891e6ef459ad165ea0f31
7edf9b22-db3a-41ba-ae1f-a84fec53d0e2,a84ed372-9019-4731-84fb-7e07a8c50373,Delete,2024-06-21 09:24:18,190e92752426d561501168209cf915d33c820617932cf2cbcb0ec13078947f44
60b0e708-2772-4a59-be56-209daacce728,05c21e78-e73e-4901-b71c-ec398b649dba,Delete,2025-01-10 19:23:00,46a790035e4556e277da7c4c8423b24fe140cf48380089318a814304d6c1d028
3f8f4e38-fbdf-4ca0-8bf3-aa948ddfa195,5752b9aa-219d-4bd6-b23c-ca05d7490b56,View,2024-05-27 12:18:47,0a5640896d24a7be0eca59b84c2569f277c939d13578e3592e26339a33067fb9
f1dc187a-bb33-471e-bf32-7ed4cb0fc427,c3fa6f00-9965-4efa-8555-acc65e01f59a,View,2024-08-25 03:34:53,7e3416ea8a8a36accb04fdb6968f5a228700424de6d3176a64958189761b9811
e0112db4-febd-405c-ab79-a7808ec2808c,da13d478-99e4-4d49-b7aa-1477a44d8849,Delete,2024-08-26 12:56:33,b26a870979aa4ba56a27c2c83425b2efa481153dd154ba1c8cd11ce33040c757
1c3979f8-fe13-42e5-9876-b3f60ccc4611,b36ac6f9-0f15-488d-8109-556357d49cd2,Insert,2024-02-05 05:15:49,917e46f72ab8d65e6e5c37642182eefac4371ac992637c9482d8330064647553
15960084-71a0-4d78-9156-4cad482c42d5,c1f776e2-581a-4dd3-950d-998e68443e21,Update,2024-11-17 18:33:32,1afd95ab1833d94174c23736539383cae457dd3412a172ac8a5ecf45760188a6
1fe32d37-cc57-4e8b-8f68-ae3b26507b17,7d42e8ac-3b9c-49e4-aa57-2b05294c2840,Update,2024-03-21 16:22:39,2de94eaf163652c77336b83056688f4737869e6297d873b2305dc2f03075aece
9b11efe9-53e6-4a6d-98de-0edf7ef80521,c8c37bd1-3bbd-4a97-89a0-227e28f7dc75,View,2024-05-03 06:45:17,e4d403088bec515a88548c11c13f823103403a189ca2fd843b68f69d266c1904
64330d3f-d203-478c-8fce-51882f27c9bc,ff351bcb-4523-4942-aa00-be7fab48ce5c,Insert,2025-01-14 13:10:10,82c4372c6a22f9ccedeab7774e789c86e073a794b4177b44189cc832b957f08c
867a99b3-edd8-4b2a-892e-66c529f8746b,9f4026bf-286e-4e6e-a5ee-801b8e844f27,Update,2024-04-13 23:58:26,af52efce1134f1628a1063c9c973b5fb4a31ba5e3ff43ef9bf1cddcb29d2b68b
a113bf47-d278-4ddd-89e3-5081720e2ef1,d47d80fc-34ba-4cb9-8069-8f01eed47d96,Insert,2024-05-26 20:53:53,a7acb0f4913cf56dcc594799274ca3bc4bd3117e85f8bb389062de46140bd42d
03b2d868-e07c-4096-b070-dcd6b9662011,aebc6f51-f8e5-4a88-935c-36fe0dd51d59,Insert,2024-03-04 13:02:37,bc345005eada5e0141ff5365191b91319f2238c3e89c2e013dc98074dbbdda5f
92145366-3190-4def-9a8b-bfa4163a8934,d59d1b40-4358-4570-857e-7b0a12f67c55,Update,2024-09-09 06:21:01,db596c22ce38c8ea9af278e8c30afcefc31b226adbc80fb56d7d2a3ca273c845
a7d75985-3abb-422f-9638-1201cd8da51c,51c01163-45d6-419e-b65f-4befefdbdd2e,Delete,2024-07-28 05:32:56,ba0ddca347afae14181f23bc9233cf87b38b50b93255b442aba343aa470dd221
c2a9129d-42fb-4d89-a380-6026c0afa110,4604ac70-cb07-472b-9adb-fef2568ab5de,Insert,2024-10-17 05:34:49,59b56a54fe4ef975684dbf315312dc344b3fa6357bd7b094dd8364a34b7ac2e4
a1749ab0-f736-4ff9-8bb7-3be296eec49c,c86b0650-b18d-4d86-92f9-67a2cd929e7b,Delete,2024-02-14 12:01:44,67daa25f3f75440edf475452a99a738aa91954007b4e1cd5f63695e1d3308c7f
f3354782-3ec4-4181-997e-e0541a60a225,949a1cf1-d389-40b4-b33a-93a792fa48f0,Insert,2024-02-16 16:15:59,7fa4bdd4685c2e13a8065c4cd9075fe0e26e2a27a0739386aeb7c7afb4b1d344
9e9cece7-6fbc-4c31-9283-daaad35ac74b,523cedb3-e82c-463a-861a-2c5cfd9d9f53,Delete,2024-09-11 17:15:35,02f37cc2e70fa4e8736360dc1ec6b254da5bb56a9c8257beef3879205d8499c1
ea13b64d-229e-4052-ba74-52ce765edbf9,e4f16ed9-0a15-41ec-841c-f90c591776da,Update,2024-08-30 08:24:21,dce98582b31c124996a1505a12af679a4174e34cdf9dd6b6aee49228bf971bf1
dcd362d6-3176-46fb-99fd-5212506608d0,ce818177-54f5-4fab-baf0-16f94d7ea061,Update,2024-12-09 22:50:24,00c55637ab7c44a210a632f5dfd6f7c5bf58b4a270358381a6d48e4d3cc7357a
43899b9b-0eed-4451-912b-c12f2653d5bf,5e1da68e-27d2-43fe-ba5e-12915fbadb43,Insert,2024-04-26 09:25:26,c1d013bd132f7a45fd6351ac1c6a4f981f5153b8659252cc2e2ee16e8ffa19ad
dummy_AuditLogs_ID,dummy_Account_ID,dummy_Action,dummy_Action_Date,dummy_Creation_Time_Foreign_ID
