Device_ID,Subscriber_ID,Device_Type,Device_Brand_Name,IMEI,Manufacturer,Model,App_ID
a516e893-0e52-4d4d-ae61-33b5410f4ac6,a024b1d9-656a-47ea-a404-f4dea083f40b,Smartphone,iPhone12,403111189378795,Huawei,Model-62Bt,6444abf4-e859-4f61-bd59-eae523a8b965
cf70f17f-4583-40e2-a0c6-1bac566fdbd0,4a5a3cc8-49e5-4b7e-913b-70fd8a7e6300,Laptop,iPhone11 ProMax,644602989797258,Dell,Model-94ly,4d643cdd-4a59-45ac-baa7-7bed258c74da
8e053fbe-626b-4912-9462-3f34a29dc034,43143476-cb1a-4025-8035-9e405dcf5b96,Tablet,iPhone11 ProMax,103537310960387,Apple,Model-52nI,031c13be-c684-47b6-b896-61f35da5fddb
635be3ed-afdd-4f4a-ad47-78727244f767,33424da2-1afd-40e8-b554-53f5347dc56b,Tablet,iPhone12 ProMax,321391692004463,Samsung,Model-20xH,8d4e5d37-0d6d-44a2-9cdd-40ece5059511
8aaacacb-566f-4d85-836a-a74fc990220c,1a0bd4a2-7387-4a22-8e65-a6752141ad8c,Laptop,iPhone16 ProMax,810176747164703,Huawei,Model-42hJ,e593a20a-4397-4c9e-960a-cc07ba2a559a
2c9a7673-f33c-4284-af1b-046cf4eb4b0b,044b5d1e-4f37-458d-a312-a36edcd5975f,Smartphone,Samsung Galaxy Pro,405262957163840,Dell,Model-80tv,464ad118-af23-421c-8d3a-4efd00ca13e1
25bc63ce-d871-4950-8140-f05216395a80,7d5b46eb-ab58-4e80-b41e-9fac02852c6d,Smartphone,iPhone11,420189313235189,Huawei,Model-61Pv,b5a92e15-6fd6-4264-8ea5-bbe299c9cf8a
940152d4-8a5d-447b-99b8-f20cbf5db519,63390c07-2734-4037-b13c-fb4181a07e39,Laptop,iPhone11 ProMax,410393021903318,Samsung,Model-70JP,2a0a833a-d6dc-433f-98e8-992f8a7f899e
a4af4795-d6a0-4dfc-97a2-7b648f496261,80999632-7987-4904-b92b-13d2f0bae829,Smartphone,iPhone16 ProMax,453094270197572,Dell,Model-02tP,7dc7d861-09e9-435c-b38c-e268fa1c66b5
844e4618-a164-4e06-be0c-05a9e324a989,91d1c142-40a7-4b0b-93e6-f328c857d931,Laptop,iPhone14,607336873330513,HP,Model-28Zf,115ddc97-4901-46e5-afce-8bfaa3524856
664777c0-a3aa-4d6f-957b-048d14150833,583640d2-ee74-4d31-a684-4a63d53cf209,Tablet,iPhone16 ProMax,259594232970624,Huawei,Model-77tN,163e3abc-f1e8-4843-8a9a-2108c193bb33
52f7b278-b3c6-4da1-a880-fe4f0530d6c1,381a27b6-0e11-4196-a487-3c95435d0188,Laptop,iPhone15,550244447994029,Apple,Model-74Ux,b46e54dd-bc10-4eea-8368-441d56a38051
1aac455b-c39b-48cc-a334-361d8148d5bc,6c0537c7-d159-4da1-bbc7-d91632ebb3c0,Tablet,iPhone14,359072844372728,Huawei,Model-00pD,2b59bd98-bac3-4770-9299-62b9efe6b381
fdaaa6e1-56f0-4526-acd9-820706cc66e1,2db00266-9a3f-48ff-af4c-2eceb2ba14f5,Smartphone,iPhone16 ProMax,132352631780273,Dell,Model-39kl,154eb1da-3813-4372-89ba-733cff3bc419
ed6680b3-14fc-4fa3-baa5-35f462e2dd5c,01359ac1-4c0d-4d61-b6be-5af609109366,Laptop,iPhone11 ProMax,368170819059608,Apple,Model-67ue,ccca6132-9e80-4e7d-8cdf-9c4fb0aa3eb7
a54c96ec-e36f-4652-9c13-929d757bafc1,27a54926-53af-48d2-a63e-b8b8652baf7e,Smartphone,Nokia,233173146073667,Dell,Model-39kh,bdeb679d-f9e2-484d-8fe7-d79bc389cc2f
603c38e6-efaf-4e5e-ad9a-12e4846133af,e7162ad6-3481-4d43-b834-d3f3ed9e6eff,Tablet,Nokia,742798910475716,Samsung,Model-14OO,1d1811d7-8430-47d6-9ccf-5a5ea8cf2d18
2d428514-d3b3-4e4a-a495-f87f5a5195b1,0e134ace-bd8a-4348-8286-1cb36dabb2e9,Smartphone,iPhone12 ProMax,810381175503659,Apple,Model-97KY,a878f8a5-0eb9-432c-a3ac-819718a71ac4
214cec35-669e-417d-9e7c-6df3f4eb20dd,88e6281e-96b6-49cd-bcdc-46243bdec158,Smartphone,iPhone13,826824976320775,Apple,Model-26nV,2de8deb5-0ca4-4c59-840d-fc4058f6c379
38c00ec0-f9bc-4759-af2f-c8fe983eaa4f,2751d6de-5654-4b5f-89f3-faec6b0878f1,Smartphone,iPhone16 ProMax,557787668825531,Samsung,Model-96td,9d413748-4828-494f-abad-4329d5e05e1d
83518117-8e1a-43df-83ac-0703c6ad93be,9d61e064-9770-4854-a9ea-9d24b0ded280,Smartphone,iPhone16 ProMax,373066182528554,Huawei,Model-24th,d31e548a-33f8-4eb7-a036-35903b930272
57548365-7e4c-41ea-8272-bfaf860335cf,b8d9844e-ebea-49ad-9e15-0ab60b1254a8,Smartphone,iPhone14 ProMax,532425337992313,Samsung,Model-76Ly,e7e2082c-b69a-40ad-ba3f-395d88faa07a
b8b62134-392d-4553-a365-7aef3560361c,5d62b4d5-c90d-4737-95f4-885c66765439,Laptop,iPhone12,190624994928080,Dell,Model-43fa,3f3122ad-94cb-41e1-8f50-8f1b8a277c81
11d329ea-39b2-449b-ad4f-abbe715d83ab,5ffb55f2-2688-46a5-b1f3-5b77594e7940,Tablet,iPhone12 ProMax,965467536278314,Samsung,Model-43Hw,08759a5c-ae94-4c51-a71f-8b8bc3dafbb1
30df8133-c462-409d-b32b-d0ba4f534e93,f3518a0c-96d2-4ef7-94a1-9a426b72bb46,Smartphone,iPhone13,795517374630897,Huawei,Model-36eK,a4575c3d-48e1-4c0f-8b99-6415da672438
69060003-c12d-4dc8-a0b0-f21f8edc9589,69e83472-d1c0-4936-9e40-aca1e2cd69de,Tablet,Samsung Galaxy Pro,113514246156875,Huawei,Model-06KG,df0dd7f7-b20e-41a2-a9be-7ff8e984b5b8
31226ec3-8552-47b2-bfaa-9da89ae4a4f5,a4f7aecf-c436-4df0-b869-652a2fd3116b,Smartphone,iPhone12,549880172681747,HP,Model-82kl,0962bc96-85ad-43d2-9fc9-9fe2a894910f
2b73439a-b151-48a0-9a42-d276106aeb06,76c54726-44b8-4b8e-a3d0-5ed9263d11da,Laptop,iPhone12 ProMax,347324726939172,Apple,Model-37RZ,de245eb2-a11d-481d-88c3-7bcc62516d59
3c5c2a27-296e-45a8-b44a-bef00f4dcdbf,11b52f7b-d4c5-4715-8c4e-afcdf1f02822,Laptop,iPhone11 ProMax,488017107478229,HP,Model-53NU,a44c3d29-2e56-4977-82c9-86decb48e598
0c6d89c0-c6a2-491c-9bdd-46562aa4c4a9,ef01a3ef-9ede-4d08-a7be-9a36460890a5,Tablet,iPhone13,575409147696965,Huawei,Model-84SS,183637ec-f644-4849-a4e4-bdbcd2b5c03d
46e4923b-668d-4282-a4da-18352bd95c95,d3a0ba5a-04c4-494b-80b5-f776d80b8a83,Laptop,iPhone14,802505450130057,Dell,Model-11wz,95fbf938-a0e0-4de2-9259-e5547a8ce538
c4e74bf5-3565-44f4-aea6-f8fcc5ec05a9,f985f7e4-cad8-4768-bec9-e445ae263852,Laptop,Samsung Galaxy Pro,895658014435971,Samsung,Model-42rt,b2bbc183-52d8-4558-a87e-d728d1bebce6
a0c93b58-df2e-4ef8-8700-a5a0969438bc,61e4f636-1587-4ced-94a8-bda3180176e9,Smartphone,iPhone11,124156246184692,Huawei,Model-09Kc,47d286ea-f6ca-403c-972e-c8198be4797e
1585ef0d-f784-4d92-be07-5249f9056539,280792c3-1418-49d1-b257-b500160b1cd2,Tablet,Nokia,175990088879797,Apple,Model-88Ea,fd949083-c74a-4f43-9812-622c5be92896
57053805-f904-4805-8eca-423615b9f574,6a50d227-852d-4be5-baf8-c396553ba7ca,Laptop,Samsung Galaxy Pro,503881411558732,Dell,Model-08KG,3420ea44-4696-4bbf-9737-a0afaac82376
129bebc6-128e-486d-bb7d-68d3828ca246,b2e961a9-357c-48ed-94b5-d0557bc23a04,Smartphone,iPhone13,558498912494533,Dell,Model-55Ua,17ceeacf-3e08-4b81-8fe9-cbaea848a633
47ca7235-e4fd-4ae6-82db-7427ccf943b1,6b983539-1cb9-4920-afd1-22d4afc7c6e8,Smartphone,iPhone11,559898347071070,Dell,Model-18tv,e31d5a29-1d9c-465a-9e89-cb43a8430f3f
1273140d-4cf8-4bcd-98d0-2357b6bd679c,99be8dba-3e6f-42fe-b435-a047df0749c9,Laptop,iPhone11,782150446155043,Apple,Model-12rc,9973f0d2-3022-4bbd-826e-9e51ebfab59a
791cbed5-ba45-4e14-9d02-97af8cde8f0d,15ea6f61-4109-4cdb-80c9-ddb9c3006900,Laptop,iPhone16,139414403564807,Dell,Model-34Or,16a3306f-f2e0-47d1-9f48-7f70734f89e4
e2be937e-d50b-45d4-8309-772f5c10b172,82062168-f324-40ed-9c3c-e32fe2509cb4,Tablet,iPhone14 ProMax,764644475539244,Dell,Model-18mr,671b2ff1-5a71-4b0f-9237-1bd027fb7eb6
0dd435b3-13cb-4391-9981-8960f652fe55,8bc61285-65b4-410f-a16b-59d5a9ca5d73,Smartphone,iPhone16,483490588601327,Huawei,Model-38RK,0f35609f-53eb-4a13-9cf8-a20398117d37
d8a6c07f-cbe2-4b53-bcb4-3edf8b1e09db,e2f07a32-f845-48ea-b827-0e5620a90bcf,Tablet,iPhone11 ProMax,449352233580426,Dell,Model-48SK,9e76629c-31b3-4531-b472-175b1a32f615
91fb9ff6-955b-4140-9695-de0993abd896,c28a34bd-c7fe-49c9-9dee-b1440f28ecdb,Smartphone,iPhone15,215353710286315,Apple,Model-59Fo,964234f9-2e42-45b2-8fc4-3794e7d19147
b45e46a0-1701-4dca-b930-b802d932fe5e,48bb5ac0-c16e-4628-9993-820f24e46320,Tablet,iPhone15 ProMax,504213412366163,Dell,Model-41Ra,33e5b151-d154-455c-8fc6-3b561597c877
90d6eaf4-2578-46c1-a7c5-91a477f390a4,4ea8abc0-7e16-4006-9a7d-6287bc387f95,Smartphone,iPhone16,330332091027506,HP,Model-91Xz,89d6f402-99ba-40d3-aeae-e65dcb18c6ed
7b812960-6040-46e4-aecf-8b97a2218842,b1192bea-11c0-4a05-8415-08fa0370fd02,Laptop,iPhone11 ProMax,944388440746210,HP,Model-63qE,cb80aa40-b2f6-4a5c-b163-88d73f39cd86
8221ffbd-a372-4d80-b08c-9f040d4b5833,ff30ffff-38f9-4c40-ae07-ac1244316405,Smartphone,iPhone14,393121099187287,HP,Model-26se,8a3d8b01-bdb3-455e-8784-d902e81d15a8
94baf892-9932-4bf3-8e13-d43d05e17922,8473eaa1-7335-4a37-9cc9-c54122082ff2,Smartphone,Nokia,454106971412099,Huawei,Model-40uW,f219b3fd-aa5b-4632-9202-35028a3fe0cf
84767453-6c23-4ea6-97fc-fac0619e2923,a4c5ee4d-dcbd-4f71-8d92-9c38a779944a,Smartphone,iPhone15,818117589789159,Huawei,Model-97Zt,3850ce85-eca6-47e6-8b12-45dbdbcd204a
aaa11d23-c0c3-4628-9269-b16ef8153c3d,514192c5-d672-417c-a933-e8f1c2d081ba,Laptop,iPhone11,216648862325517,Huawei,Model-24Ji,a4ae6dae-152c-4290-949c-9a6a058c4c4b
373636c1-5730-4b0c-bee0-de7d89bbd7d1,f26a74d8-bd21-4d18-97e5-9264c1e017ef,Laptop,iPhone15 ProMax,519864147139854,Huawei,Model-99oW,df8805a0-909f-454e-a455-23510e1c259e
b948a8b7-c06f-41ac-ab1a-da25a7bed34e,8beef8b9-9f03-4dcf-a4a9-fc9253c4d184,Smartphone,iPhone14,241355870878144,HP,Model-90Eh,5e270b9f-eb79-466d-9c4f-b9e5c6fe8d0d
48ea786e-3a60-444a-8881-73b022b70cbf,ffeed761-3f08-4f2d-ae90-5418eb4d20f7,Tablet,iPhone11 ProMax,246089392019540,Samsung,Model-86JX,6968c533-927d-42be-904b-ea82183b733f
2288f5e6-6b5f-4692-a341-9d80a6f3c11c,37f95089-485e-4cd4-840b-82bf176d8233,Smartphone,iPhone12 ProMax,708792067136561,Dell,Model-89EW,dfdd3da7-2ece-41d7-b9b6-2fe124851622
33c431ef-836d-4889-a809-32b605725f4e,6c7ec198-d66c-4f26-9ff9-ca8291d45b8b,Laptop,Motorola,109850505392090,Huawei,Model-19ys,b1c297d0-3a39-4ae7-98b3-d0465b1c0376
37da5c29-17a8-41c3-8592-201a74490bbd,51b7c3ef-5dd7-4367-8bf8-1839d4be2f03,Laptop,iPhone13,302332082465727,Apple,Model-20VK,94262121-13a3-44c6-99fe-5eabe0fe3c96
ec7d648f-1ac0-4fee-9df8-e7783cc8f4b4,085c180d-9a50-4479-8d37-cd2dd6f6b5f5,Tablet,iPhone15,682731558020470,Huawei,Model-71cF,79e63958-3279-45a3-b3a1-cadce5611289
dc3f3058-a9f6-4438-ad04-5ccb9c471599,cfa28a2d-4049-4991-8ba8-0c234bdcb190,Smartphone,iPhone12,277690751486584,HP,Model-82hi,2da1207e-61f6-4d3a-923b-f34557f16a77
1d5e79f6-c911-4fc5-b3e5-7308f0f53f61,e9d8ab0c-0db1-42ae-8d9d-dcf039d9f7d7,Smartphone,iPhone16,806793634332668,Huawei,Model-93Fx,e6b2e063-af44-4ddd-93fc-7a526ef92ac3
a4adb999-2574-4a23-8f81-20cb212b1c1e,5627c8ca-c2de-4a6f-883a-d511983ded6f,Laptop,iPhone12,540365410559417,Apple,Model-99DA,6b1eacbe-999b-42c2-8551-d3aabf2df91b
8fb71685-c530-4956-b2b5-b2b7e15d9969,7e62dd3c-2569-4e73-87ba-482646965280,Smartphone,iPhone14,998551432087050,Apple,Model-32JR,c59379bc-c980-43be-8b62-08f740b230db
54c4d236-622c-46ae-b6ec-63f5421d24b5,cc1153a1-5340-4f26-936e-f1a67158fd89,Laptop,iPhone14 ProMax,529594388169835,Dell,Model-13gj,f920a0c3-109c-4c9a-9620-77850edc10a8
12269cf7-2f1e-4ebe-961c-3e416540fa1c,4d1b22bd-4981-4d6c-bba6-b082b8556bd8,Smartphone,iPhone12 ProMax,674650520367142,Apple,Model-13CY,b51bbf7d-ff02-4ed1-a883-65775d6b1fb3
a4344534-deb3-4fab-b114-d15f9e1415e1,94eae6c3-7806-4faf-814c-7563144552ba,Tablet,iPhone12,950744012759281,Huawei,Model-44eP,c77ead63-b419-45be-9bcf-fe0ab1321a33
daecf419-4f91-441b-b19d-3bda8d33d2bf,8bde0a3d-d921-4a1a-89d3-d2256277db95,Tablet,iPhone11 ProMax,351563116350820,Dell,Model-16Rg,eab53d2b-e240-48e3-856b-3e29c555158b
202d82a5-b439-4df4-b637-8c15f7c0c38e,a8f55f01-1a5b-42f9-8b4d-aa087f64af46,Smartphone,iPhone16 ProMax,490552085653159,Dell,Model-06sq,7b29bbce-2cb5-43e9-8050-63036d29ebb8
dfd0e4f9-9140-45cb-8c44-2cfc710b8d67,264e3e8f-7249-47cd-80a7-a3d1e06c4e51,Smartphone,iPhone14,878976994023232,Dell,Model-65gm,27d4484a-292c-4163-be76-4a3cbb49a53d
74ed3ede-add6-4946-9240-35c9383570e7,022412ce-ddbb-41cd-80b4-03372cd2c713,Smartphone,iPhone12,620711533453785,Samsung,Model-55UN,7c10f4d3-3e4f-4264-a7b2-bb81d6a9e8c2
f52b2f0f-db50-4205-9b6b-581304adf4aa,2190791b-3b98-4702-8f8a-683a64ccb164,Tablet,iPhone13 ProMax,756237791829421,HP,Model-24tx,37896b23-e4c1-4deb-9b8b-7291ba5c300c
2ac5844c-ca64-41bd-9670-651d4b094e48,9de83311-d717-4a3f-a4c9-3bea40335283,Tablet,iPhone13 ProMax,293630892299082,Dell,Model-31KS,cb8e26a1-ec15-4064-ad6f-a8bead66d446
beadb187-24cc-47a1-87ee-8fcd56ebe5e1,346ae8d0-9280-474e-8992-473d04368e8f,Laptop,iPhone11 ProMax,466013976530279,Apple,Model-90be,71232b74-d90c-4870-8248-b8246bb602a4
c573344d-1c14-435a-aa57-67977d4cefc5,0104abbb-ef03-4ab5-aae4-1cafdc31c88c,Laptop,iPhone11 ProMax,192423288887567,Apple,Model-27Dn,7881b31c-6ab1-4d91-af6c-467fa719ae81
4f16e555-f423-40bf-8f02-15b7f5bf7146,ceaf06c8-c2be-4dab-ae62-22aa21c1a6e2,Laptop,iPhone16,717330737762547,Huawei,Model-24fs,05bcae31-2585-46e1-8602-f4cd6eb732d4
ffbee1e5-9e7d-4df8-b8e9-377dd394bea1,315c885c-4d82-47ef-9433-ebb0d1b85ec4,Laptop,iPhone16,889702085101811,HP,Model-25le,a5bd844f-1269-40e5-95a9-acba803613b1
c578c0d5-aa8a-4233-939b-5cb5545d20d9,303ddda8-c67b-4bfd-b7f2-6388b71d9651,Tablet,iPhone12,306920291043966,Apple,Model-58hL,9992fd14-f736-4b71-a970-b335cbf6aa38
1799f4f8-ffe9-4a67-8cb2-c96412df4e6f,19b0ae6c-bfb0-4015-a120-ea7003064f47,Smartphone,iPhone12,207494079956583,Apple,Model-16dU,7f430e6f-5a78-4552-823d-afa30b01513e
a11eb83e-3c13-4c74-a4e8-1f84063b04a1,dd119303-9566-43fb-ba74-1c06f6f55dc7,Tablet,Samsung Galaxy Pro,474721863009518,Huawei,Model-12aK,1503bf6b-18e8-4ee0-9011-0cb44c01a42e
c87aa398-cb7b-4f6c-8225-b6791b3f20a0,63bdc385-10d7-4f78-949d-70af84dfc66f,Smartphone,iPhone12 ProMax,478686043719821,Apple,Model-88No,a63015ec-f277-49dd-8f5f-e60b7a7e465b
10450cfc-f2e0-4a4a-8dd1-0752ff7cc5c5,189d3751-9d0f-418b-b424-69e7a4b7259e,Laptop,iPhone16,376906430773998,Apple,Model-28of,92d9ffe9-c875-4321-b483-98919a557681
c97d9e4b-8957-41ab-8f29-c39128468a71,77763fe2-29bc-4233-b9ad-c4f71cd61ea0,Tablet,iPhone13 ProMax,553930032027129,Huawei,Model-73ch,b28198b2-9d4b-4b51-853e-1aec99e5fae6
10fc53f5-0834-4ab5-a8bd-c6674efedca1,91cadfce-ba58-46fe-99dd-68fa8c4d1cbe,Smartphone,Nokia,566457537161604,HP,Model-49nl,14be73ea-c5a7-4db7-972f-af45c6364e83
2bed4955-c992-4556-9866-91a8e2789245,9d47e1c2-8e38-47de-a006-08070ea4fe12,Smartphone,iPhone16 ProMax,201826191261747,Samsung,Model-02mr,aba8c613-70aa-49dc-b4f1-1b2ac60c9c55
64bd9c85-9fb7-4d6a-9fb0-4b017b1bfd43,3e91c516-5a54-45a2-a8c2-64aa090933a3,Laptop,iPhone11 ProMax,892522181013214,Huawei,Model-68NY,777518ca-e7c4-4e82-8dd5-adbdbbf02065
7ead58e2-69ee-42d6-bea5-805df5de6423,5fa002de-08fd-4a3d-ab61-12c4f36e18b6,Smartphone,iPhone12,268373447902345,Dell,Model-76Or,15444950-24c6-4e91-bd07-39019361a51d
043bb705-2b19-451f-88d5-6005b7875311,231630f0-47db-485c-99d4-461af6fbe5a7,Laptop,iPhone14 ProMax,367148464473101,HP,Model-01Jq,645c6fa5-63a2-4ac2-9326-2e1596adbb29
029fe10a-5c0f-46b3-bc06-892b98f1b763,e7eb920c-fe1e-4ccb-961d-9260805d353e,Laptop,iPhone16,253247994393818,Dell,Model-57lg,eed02207-4bae-46bf-ba61-5d9e6fb85a86
1f9c0d17-7e8c-43c3-9634-60f4d7a2a295,2664e1dd-22f7-422b-ae52-f08791f16d21,Smartphone,iPhone16 ProMax,444103511139392,Apple,Model-53ix,0448dff6-0b60-4e2a-8c3f-a8f1b043f2d7
01ebc0a2-91e6-4394-bf37-9efb90e2e348,1faf60ec-22de-4e06-8c77-aec5921afcc0,Tablet,iPhone14 ProMax,547904066618680,Dell,Model-11jT,87ffa062-aa0c-49e8-84b7-05f0d910c19b
3b04c5a4-b31a-46e8-984d-0b227b8270ea,c9f83295-3da3-43f8-9c2a-41e4026fb290,Smartphone,iPhone14,479880651520568,Apple,Model-75wz,98f2b2d0-a4e6-4175-b0a2-24691666e884
d028a18b-46c1-4267-ae77-c4c5b02ffb91,97a931dd-7cb1-4408-9cc0-c1610295f009,Tablet,Nokia,404235866323904,Huawei,Model-25qC,b7043062-b948-4fcf-ae10-e2279226c17e
6eae6d09-c589-4d82-95e1-53b304a7ab16,49f1ecf7-9e44-4aac-8e7f-e8c68596a597,Smartphone,iPhone16 ProMax,721060363907314,Samsung,Model-87kM,796daefb-edca-4d31-8f31-cc1b02a10d07
7b1ce527-4c62-45a8-b356-a5fd3922809b,3014da2f-e12a-4cb3-8aec-6031234784f4,Laptop,Samsung Galaxy Pro,209670833382095,Huawei,Model-98CC,608e7c4c-509f-4197-a23c-a3985a62f3f7
c62d42b2-f17b-4096-babe-e1c1ce78af33,139bcd09-42d4-4e32-acf0-da712edcec45,Tablet,iPhone11 ProMax,841407861767473,Apple,Model-16Vx,dedb37b0-7887-427d-a0e3-e79a22a19344
172efa81-181d-4b98-953c-c68d3dacb78f,7fc17a12-581e-4a66-9a61-6d17e2e9c382,Laptop,iPhone13 ProMax,435557293972083,Apple,Model-42uF,f709e37e-e085-41c0-8d91-7b6daa8abb82
0e32b9b3-c478-43ee-8f68-99ddd94cfc3c,db30ed69-313e-4c16-b40a-5a5a70ffb18e,Smartphone,iPhone15 ProMax,860890077509480,HP,Model-75Xu,796e5995-3607-4386-ab3f-de2fa49c3849
51056a45-1de8-4d52-a87a-a2c7910d22a9,8b949666-0e76-4ac7-a0ea-9fb94a3f8b39,Smartphone,Samsung Galaxy Pro,367642450320227,HP,Model-69Uh,9dd16282-d910-47ef-8ccd-038829b55137
7dc6e774-59aa-485a-b788-874e494cc28e,fbb1c4f8-d9ce-438f-944e-64d80699926c,Tablet,Samsung Galaxy Pro,130787476660498,Apple,Model-81mI,6428c370-b96f-40e5-8fa2-597e8506204e
8ad79acc-7ccc-4bb3-ae03-058b61b1b938,ce1d1e4b-4350-48ba-bd50-df3764fe08bf,Tablet,iPhone14 ProMax,224504701806003,Huawei,Model-42os,6e506adc-45d5-4d4e-b007-c4f90a1f2e74
3f14d985-a9ef-4fbc-9f62-339d215388ec,c2cabe7f-c8a1-4517-8e8e-60405475210e,Smartphone,iPhone14,845940170965574,Samsung,Model-20wW,1450fed1-f1a8-4eb1-914a-76587a2f75fd
b522708c-e280-4c16-9ad8-23f509f0962e,f66ecafc-b1ad-44ff-a761-a64251c00991,Laptop,iPhone13,237322731789478,Apple,Model-08YM,e9146b95-6884-4211-a521-5d788fa7f0d1
a5d708c8-fe52-4e06-b051-1a862befb58b,44d4a34a-5230-41ec-b18a-d49c9080de72,Tablet,Motorola,550284619941812,HP,Model-24RX,12c41f73-cf32-4e66-8363-bc4a0049fade
42921d68-43ca-4f39-bf85-3756624f80ea,79410068-6b06-4992-b45e-c29814579df7,Smartphone,iPhone12 ProMax,356251470120030,Samsung,Model-85Kj,ed628527-08a5-4ba5-9906-012fb8ccf1bb
1d10a4ff-6715-4176-a889-023d30a4af48,78ce086b-54df-4a5c-b2cc-2b829ad88457,Tablet,iPhone13 ProMax,293095489805230,Apple,Model-66mB,c8572ab9-b67a-4e59-830a-b7f1719d9f3e
d17871b7-9f0f-4eaf-9a3c-beabb85eb37b,a5f0f99c-b377-4cc1-b35a-b76e715b1b49,Tablet,iPhone14 ProMax,449076143058021,HP,Model-88bN,e5a47501-1aa4-461f-ba02-212aa9d4d4cf
6ceab12f-4c78-45ff-83eb-9a2343fc6700,aa3fdcc4-3b00-4912-83d3-897b310627d2,Smartphone,iPhone14,961606465242098,Apple,Model-67eC,7dec8b4d-c5a4-4e23-ba51-63e45e15f434
64eaac7a-1bc7-44b7-b1cd-3cb96af5eb6a,cc3f0c73-50e3-4468-82ba-1eab1020908c,Tablet,Samsung Galaxy Pro,948095122654622,Apple,Model-34jP,288545a3-dd51-457c-a439-f6a7eb2f7b60
7ce176eb-56f8-4859-b768-153702688f68,f43ab7bd-59a2-44c9-b429-ea59cdecc90f,Laptop,iPhone12 ProMax,629455627682906,Samsung,Model-10Aw,ac77d45b-5dda-4252-a7ee-125079fe3f39
5f8d5f18-bb8c-4460-9320-5679c0397b12,24ecfe5b-81f9-4f69-9b0e-31efdeec7eef,Laptop,iPhone13 ProMax,873336206790356,Samsung,Model-98Dv,76732467-81a1-4fad-8e60-642b57676cff
163341e2-c980-4e34-ba77-0834d0d5682f,279aae92-4959-478b-9184-2f9096b4e8bd,Tablet,iPhone14 ProMax,668459348177032,Huawei,Model-72zb,3a92e55f-14a6-4f50-9063-1738143a8faa
759cb02f-40e9-46ed-ba47-19a86bc0bb5f,c0261942-f369-4c73-810a-44b5080c9b0f,Smartphone,iPhone13 ProMax,415195626626482,Dell,Model-79OQ,262f2f42-79b2-4267-b31f-00ac24fe5aee
786ed0a7-afbb-4c8e-b196-12cfcf3c028b,fb0b177c-e966-4963-a7df-d56daa4dc39e,Laptop,iPhone12 ProMax,115863519458056,Samsung,Model-42qd,1950d67c-168c-4b51-a205-a43e55836efe
e0c5e14e-f744-4d58-8d58-17f9aed99af0,31afbad5-cb7a-47c9-b92f-877ce8c67054,Laptop,iPhone13,534681448111346,Huawei,Model-39bq,b0a0ddcc-575b-43b1-94c4-d8a430772e43
147737db-4d29-4a34-897b-9ba29424e2f8,e3741bf3-0b9e-4d3b-aed0-84665e403088,Tablet,iPhone14 ProMax,999819758783969,Samsung,Model-78OW,f8f94e19-6a8c-433a-9858-4c8a800142d5
0ae1eb9d-725f-4abe-8313-177df00a2295,f7581d99-7916-4433-803f-2ac1e530dd4c,Smartphone,iPhone15,252286060582053,Apple,Model-03zk,0dfe701f-1ee7-4c83-95a5-6cea06e9dd05
85d300e3-e563-4888-9949-80814216ea4f,49a1b5fb-2d8f-406a-85cb-8a80c33244c4,Smartphone,iPhone11 ProMax,786935085001516,HP,Model-63UJ,d4854a27-da4b-464f-b2ca-7d534bbe86cf
8a4bf690-c445-4399-8491-38eadaadac8d,cb2aea4b-6b73-4419-95fa-15cad18f4c64,Laptop,iPhone11,189998186098768,Dell,Model-87mA,59a3e032-5df5-4df7-91aa-798b17adf1a6
57d18141-76e4-4b40-804c-4cfc9d937c3e,ccf34546-20d5-4606-bb1f-9d9808adf9fa,Tablet,iPhone16,522848774217674,Huawei,Model-54to,1695a851-8530-476d-a660-981da95e46e7
e80785b4-0047-4400-9b15-b9c4e61d4bc0,5fec1d4e-c130-4d2b-abc7-f93e71f2917f,Tablet,iPhone16 ProMax,938913348456790,Samsung,Model-06MQ,ead639e9-30eb-431a-8b82-f8ace10fa19b
39147a66-6ba2-4af9-946a-d04e7bc64f31,6ba6ec2c-af91-405f-9007-325f97a10767,Smartphone,iPhone11,373438744676959,Apple,Model-43De,95cdcb7f-0e4c-48b5-9006-b031a82ccaee
809c6a77-7748-4865-ab4f-a76f984f4567,f61fbd21-7eb9-431f-b83a-c9de80b4328d,Smartphone,Motorola,263186423834117,Apple,Model-44dX,e7a66129-7542-4f87-9db8-ce8c09b04baf
5364d6ba-029b-47fe-b26b-caa911a895ef,acf76d5d-ebc1-476f-a2d9-0dd4137ecbfc,Tablet,iPhone12 ProMax,212493233347641,HP,Model-80tm,7bad5896-efc2-4b76-ac0b-9cc55c899913
7001a78d-17d5-4386-b8ee-12bfce5286ff,6dc76963-0855-49bc-9862-8fa955f9f2e6,Tablet,iPhone11 ProMax,551850489846007,Samsung,Model-28xT,47d5ec9b-0a32-4fda-a3ec-521da24eca01
cacc99ea-0612-4c68-9e56-8e6485e91ca7,ea96a2f5-2d49-4ef0-a1fe-c050b6e4c7f6,Smartphone,Nokia,906653164250525,Dell,Model-65NC,851bfaed-af59-4ccf-b6b7-15decd6fe7bf
e70eb79f-827d-4b87-8c67-7ed9734ef89c,3ccb6be8-ba43-4a3c-90fd-95221f9999d0,Laptop,iPhone13,624178120752043,HP,Model-48wE,6aba35f7-cc18-4f0a-8240-a0d2ad0b058d
92d8a4b2-4a38-42f8-9300-694013f1c461,48343d21-805f-4842-a559-e2e98cbd7128,Laptop,iPhone12,203307521665368,Huawei,Model-51OV,be465f95-8354-4c6f-baf3-64ebb27364cf
a2c9eecb-aa87-4cd9-b24c-9a7dcb102920,184528e1-cf7b-49ce-b640-c3a154d3bd51,Laptop,Samsung Galaxy Pro,496759691569737,Apple,Model-10KG,00a76964-a205-4dad-a1df-e6bec2b52742
acb75e44-6962-4dc1-a7fd-c2e732048bfb,f5ca52df-c503-4732-a57d-91d901890ab3,Tablet,iPhone15,859954211963970,Huawei,Model-80jV,418b4dc1-df28-47ba-9464-de88e3bb8348
e8c63e67-dea5-4803-9a25-da4d822ec891,8b860559-8158-4adf-8bd5-6b67312366e0,Tablet,iPhone14 ProMax,713296299763187,HP,Model-10gz,8e773791-38b4-4932-8a5b-4ebb639a1c16
6b6972b1-e94a-4977-9c08-2123c2ca75c7,20743519-9179-4b4d-b2a9-d87329fb6504,Tablet,iPhone14 ProMax,270214809007180,Huawei,Model-68oF,ccb95731-ce19-4960-9331-027f18cf6a61
858a8373-ac0a-4569-8a37-65e616037ad2,8781fa46-b465-4792-a3bf-1a72bf26200e,Smartphone,iPhone12,209468748924824,Huawei,Model-72tN,107e6734-8de3-49fb-b8cc-a9ab12891e2e
a355ad6a-9318-4df6-9b2f-6c5d8e6010fc,8aa1c721-aa3c-4bc3-beb0-7f26145bd9e7,Smartphone,iPhone15,272566722241958,Huawei,Model-42Hi,6a0d6392-fb41-4588-aac0-0da01108637e
74eee329-0aaa-4409-afb8-b128a8d7976e,d11fb6d2-0344-4a73-98fe-7e75d69d0aaa,Tablet,iPhone14 ProMax,785514893193426,Huawei,Model-72SL,8d9477b9-5cb5-4619-8c61-df01c26eb48f
e1d83a7b-54e7-4847-8596-d2eb49da1c01,ac99339e-49c1-4a5a-a7ee-de19a7c4cef1,Tablet,iPhone12 ProMax,479869695881367,Samsung,Model-02vh,7cf4bf49-20c1-411a-b1e1-e55e313f8728
725cebcf-3bdf-4db1-8fa1-f1b920d163dc,f753a1cc-cea3-4255-be3e-5e201ae16752,Smartphone,iPhone15,620561155687818,HP,Model-43EY,07ec821a-ca5a-45a5-9cac-f8f8f0151da6
eafb6813-d7cc-47f1-a3d4-1bd30c74e78d,a4416103-eb93-473f-bde4-d8b4134dd6f7,Tablet,iPhone11,211997325417451,Dell,Model-50Di,9c90a608-e0d6-4e05-ac06-3b9250281578
5d0bcca9-a4c7-4cbe-a03a-580559bfd710,be7a173c-7451-40bc-af65-29e6315463ba,Smartphone,iPhone16 ProMax,739010042708419,HP,Model-43yD,c6b3e459-230e-45c8-b79b-40e7234829fe
c8a67b49-33d0-4465-a3a9-d475732116cd,9cefd58c-78d6-4b64-9aa0-c2049a2e6bf0,Laptop,iPhone11 ProMax,823281343978467,Samsung,Model-00mw,32c595f2-a296-4209-82f9-756e279d4a8a
75af433c-e283-40b9-bac8-88016f4f9dc0,0b14be31-744c-4340-9303-2b589a2fbc7f,Laptop,iPhone11 ProMax,707603637647212,Samsung,Model-97Xt,ee578a04-56e5-4714-b32e-f13205b9121f
fe67e64e-c230-4d3e-98a6-39584ee76151,d4af88ec-1db9-4af8-87ea-661b432cd5ae,Laptop,iPhone15 ProMax,884163994536529,Dell,Model-83pX,b3c513e1-21e6-48b6-847b-411bd57145bd
e083f68d-5b6a-4af8-a33c-69b03afa5a3e,f680db2f-d34a-4646-a592-f85f2b01f490,Tablet,iPhone12 ProMax,421643421192343,Samsung,Model-44FX,5d6805f7-feec-46ba-8af9-280ab55098d1
4b5510fb-d3a6-48f3-bcde-ee474d90903d,0eff4ef4-40dd-4d38-be82-81378f52ab7a,Tablet,iPhone12 ProMax,175575586421422,Dell,Model-83HU,203ab5cb-f695-45fa-8d74-683a815c4247
b3ba2e16-0433-45bc-9b21-0f8e441f58bf,dfcb2d97-3a8e-4ddd-a2d8-24140f321da9,Tablet,iPhone14,273753097573137,Samsung,Model-95cv,3c6fe980-9161-4314-9276-f00c7388d641
c3b56cee-b9f7-4401-992a-57b26f04ec2b,cd8b4845-a003-4bcb-83c5-3e655d63f4e2,Tablet,iPhone12,120154528118532,HP,Model-29Hk,23b1187d-4f0c-40ed-964b-e9432f4d033c
0e54e9b5-6f0d-4b50-b8f4-66ddfe1cadcb,cad1fd35-177e-413c-a92a-67e63a1d9adc,Laptop,iPhone11,919168040718137,HP,Model-75jO,80f503df-349f-43f3-a7aa-b4a13c374190
010b5f23-1c2c-4e42-aa2f-01755e78ed3d,0f191ace-9356-4798-8143-f3bb74ecb906,Smartphone,iPhone14 ProMax,505139948663048,Dell,Model-57tv,74cd9c1e-b358-411f-91d1-7b04d613db14
ae082f3b-ca3b-4d9c-9ecb-4a09575b6e7e,70b4b60f-1a21-438a-a77f-b28c2acf379a,Smartphone,iPhone13,947643718997979,Dell,Model-54nK,563c76d3-1306-44e5-8263-d78a8b72a7bc
2f9652fb-e559-483d-94ce-b7ba30a0ddb8,5cd8c198-84de-434f-ae0c-155af5b79af7,Laptop,Motorola,222660205865713,Apple,Model-58To,75e424e7-eb32-4525-a5ba-0951c2fb8348
237d382e-223e-422c-ba6b-dd40282889ec,4ad118e3-2fc6-4684-a12e-6a5a239b37b3,Smartphone,iPhone11,465227637092682,Dell,Model-29he,bcf749ec-be6b-49af-b096-dff0ec34d6c5
b4857a5e-a272-4dc8-be67-bb1334d1ef7c,4780b552-9aea-40fb-9e87-a5380aa7aa48,Laptop,iPhone14,619356563270650,Dell,Model-99xa,6468476c-c035-40b0-afcb-621208aa4507
a84e0d1b-4f4f-40a6-9927-bca1df8611db,e3448947-4f44-4940-b9ab-e3145482f78b,Smartphone,iPhone14 ProMax,331957862582609,Samsung,Model-14tF,89f62727-7d85-4198-9f8e-42bb7eb8b12c
81ee8150-98ea-46c9-ac16-fcd05f577b61,80438087-eeda-4237-9571-9d5e76e60c7e,Laptop,iPhone12 ProMax,709526794111136,Huawei,Model-56nv,a559337c-654c-408b-b6fb-3f1daa657a20
5b5efe96-8ec5-45db-bcd8-e28f3b0e100a,283ef53b-8411-4ad9-a2fe-6abbf576bd06,Tablet,iPhone11 ProMax,444440902764945,HP,Model-79Na,d2b9ff67-950e-4a5c-87a7-56b7adf008dd
8af2b461-db66-4b5d-97e5-0ffb94d12d1b,0de7b3ec-3395-4a9f-93d3-660d0b5bcdd0,Laptop,iPhone14,531072506370474,Apple,Model-93AP,f53740ae-f0e9-4a94-8f36-e7acf2628a35
cb340471-dde5-4122-9b52-52879f674837,a3323030-5993-4814-9285-e6f949894171,Tablet,iPhone13,310354684356955,Apple,Model-24Io,02914ae1-fded-4880-918d-380beb13358d
6def7531-b796-4ac3-b692-ae0781951b19,486ec38a-8c0f-4fa1-9156-f8cbc464748a,Laptop,iPhone13,579112254770831,Dell,Model-78Cn,62e8f745-f3a3-47ce-b2d0-fa24976da1d8
d753d8cd-ff82-4332-a348-3e413ce7702e,5563ce6c-e2e7-4ff4-addf-e3dc2bd41cbc,Smartphone,iPhone12 ProMax,163518612673321,Dell,Model-48Ce,a73ae3f1-8d7c-43bf-9ed2-98b89cdb1b8a
31a5b1b5-72fb-4158-b937-d1d7056c6c07,9bdd6ce3-9e6a-4815-a409-378784ab68d6,Laptop,iPhone13 ProMax,243397712105599,Samsung,Model-58IR,452e4c52-e4a0-4d83-acfd-74747b4631b1
01c0bdc9-aaa8-47cf-9ed4-632f7200b3d5,a20b0f52-3136-4c9d-a416-2c6f9beb709d,Tablet,iPhone11 ProMax,502098095037674,Huawei,Model-26Fb,9a5020c5-e6d2-41fd-bddd-60896da95c5a
87565f86-86cf-4fa0-8957-ad5a613734ec,0ad9596d-41af-40ca-9c6b-85f8d97f2fb6,Tablet,iPhone15,850487568698021,Huawei,Model-90PT,7bae8ad3-fa67-4053-9a25-0c872ba26fed
9196a93d-bec4-481e-8a49-187613e2edb6,06eea14a-f724-42e1-98cc-8fb34ed3f69c,Laptop,iPhone15 ProMax,659279155663549,HP,Model-23Rj,31c85e09-086b-4c84-b24f-8da1a18f9534
3505ede6-858f-48fa-b9cf-16908d934883,f39b0a89-fa4d-4f63-8b6c-2166167935d0,Laptop,iPhone12,203092547322588,HP,Model-59Zg,0a036951-0111-4d52-beb1-c5e7c60bc6e3
6b25d050-8d20-42b7-ae84-5aa54e945e29,845112f6-6c81-426d-850b-85b04688ad78,Laptop,iPhone13 ProMax,347402689216687,HP,Model-36YH,2f5217ca-0d09-47b1-bf9a-8946e5adeb4b
ae0a8dde-8499-4c3f-8ddc-1f97eb82afe2,5032f510-c22d-4e69-bba5-2c5b02756f0d,Tablet,iPhone16,676424348113197,Apple,Model-14Dt,bce46ef6-279b-4f52-8034-62adce1128c8
cb764091-e85b-4866-9bef-416acfcc41af,8ccff4ed-d88e-46b4-ad76-0981d4cec867,Smartphone,iPhone15 ProMax,475187298511396,Apple,Model-41Jf,40a89cdc-8bec-4561-a694-c7c5443add26
0e6f4721-863d-43ab-ad64-f5b9d6525963,d82c4789-2a85-43cb-b20c-542f1b2dc32b,Tablet,iPhone14,401991522193528,Dell,Model-60NL,19739c39-91bb-4f54-8183-8bff0463ec67
bf129039-3ad4-499e-856f-d3e05aacc8de,19e3ad57-f990-4342-a747-bc541b7cc7cf,Laptop,iPhone16,281772195503580,Huawei,Model-75dg,6fc0f84a-d0a1-46fa-be1f-eeec5d3c742b
aeb5306f-7eae-44c2-b3ad-89be6e810df9,b1b6380f-24c8-4ed6-866a-eb658db7c3b2,Smartphone,Nokia,820370682115006,Samsung,Model-96II,8156cd77-81ee-45eb-9452-bf437d34ae38
9d3c957e-aa03-4357-b36b-3a5b6c28ab1e,455dd80f-5cb0-464a-a22a-6639b4b6e324,Tablet,Nokia,342519552821759,Huawei,Model-55Sm,5a226cea-c913-4a46-8942-c09c07575b80
088977b3-b828-4fc4-b2ec-4deec4f43efa,45c31e85-57d6-44a8-9aa9-5286058ad72f,Tablet,iPhone11 ProMax,913127212917469,Samsung,Model-40kS,a2d43702-eefa-4534-933f-cb0154529307
bbf22b99-60ff-43b5-ad0d-76f0dab6c2c0,85d8c567-2f71-49be-bab0-7f01af6bcbc6,Smartphone,Nokia,276155278120497,Apple,Model-60ag,0d19d3f7-4049-4f78-b3ed-6310cc590da3
c9f9c172-671f-40de-95b1-6e42b756f282,3902ac52-24d1-453d-a5ed-19f51b7ba6b5,Tablet,iPhone11,979336219055766,HP,Model-03Vd,10feaa70-5194-4b4c-9737-2210c464f326
e06ff3ef-fe32-4c04-9b76-c00980cc006c,7b73fd5e-5202-42b4-87c6-10a4e3b66b0d,Tablet,iPhone14 ProMax,339603593878567,Dell,Model-08ls,331213dc-d783-4755-a01f-0e806056560c
c282c328-ea75-46ab-9c0f-6a11efae6e64,3f2db552-63ea-487b-99ec-d506a6a71a62,Smartphone,iPhone13 ProMax,565557384010514,Dell,Model-86aT,82310e43-c50b-4810-b62e-15a5a8d17d6a
338ba996-d8d3-44a3-92d6-669f2e7afb5c,59ceb567-09b7-457b-824d-9d7c880d5e9c,Tablet,iPhone12,753462428237870,Huawei,Model-72Hs,98525127-ad62-4678-b6b3-1e05cc0e6671
83ecf252-4747-409e-acd6-77c9f33097fb,c2fedaa0-b3db-4fd9-ba7e-c881ab785c11,Laptop,iPhone13 ProMax,511041574492738,Huawei,Model-61ZX,db404f8e-7fec-42c9-ba38-375f53e658d4
0cb3415b-6d48-4309-97b4-d9ae4ec78f76,400c7038-5a7c-4f5f-b776-04ca19ef2524,Laptop,iPhone11 ProMax,786630558595447,Samsung,Model-99ZC,0386eae9-30f6-4b74-8f6b-e41e41b2483d
e3e7c7d2-9be3-49c0-8546-ddc30a3e398e,4f6eeece-6705-42b0-a5a4-be55c7bd0559,Smartphone,iPhone12 ProMax,165846153362956,Apple,Model-90Gj,bcc2246a-a237-4462-b3a6-0f5a069b4683
63e1e131-3bd2-4bcf-901c-cd6a903b3c2d,eafe47bc-a6b5-46f1-b8f1-bfc8638defd8,Tablet,iPhone15,709195018204208,Samsung,Model-85qY,8a58ba49-e8e1-41af-8a6d-3458b877a3fa
6acf40d9-0fcc-4bb2-84c2-d386b29e59f1,48127e4b-9468-42c7-95ce-9960fc356525,Smartphone,iPhone11,164906632695813,Dell,Model-29gS,bdfe3ab1-7b5f-4d49-b624-333f20073540
c1b3de09-d64d-48cc-b59b-3d78beefaa35,45f4bb06-fc65-4206-8966-31b8f0cf1759,Tablet,iPhone16,223316094610897,Samsung,Model-07jH,7f076557-6584-4be3-b9b1-9ac6af99e3b3
36654ed2-4dc2-4aae-bc5a-b8c532db5607,d7d2b605-0077-4bab-b64f-39172658c2f7,Laptop,iPhone12 ProMax,413777221855954,Apple,Model-46hG,8320ae7e-aa9e-4223-89a0-89f6c5f81e85
60d486be-920e-4c6f-aa5b-b9a8d0363854,87d5011f-a2c2-4098-83ec-078da9d00d5a,Laptop,iPhone16 ProMax,980079494425364,Apple,Model-47iV,0502d6f3-cefd-4ea1-a4f9-835409d13728
d28e8157-73a0-4b14-a2d7-943e0b79c591,5880a59b-23e2-4971-8858-3e71016237f1,Laptop,iPhone14,375698247511973,Apple,Model-41hR,df3db286-785a-4cf5-a2cf-8083d31d0a06
48bb0402-50dd-447d-bbf7-5e1efe15976e,ae098bcc-dedf-4091-bc6d-3c39399ca4b7,Smartphone,iPhone12 ProMax,899171638536451,Dell,Model-35aI,d1d9deea-93d7-410b-81ca-0cafd035fb2b
3d35f871-f37b-4359-b2cc-d020a6d8d403,d411a664-9784-471b-8484-6ef358b2c118,Tablet,Samsung Galaxy Pro,439448126303934,Apple,Model-62Vb,c20657d2-f28a-4b7a-ae6f-7d75ca8959f0
49a7feca-6011-41c2-87b4-1b92724957ea,30360883-5387-4c32-8dc9-24feb9f2df09,Laptop,Motorola,727588503197184,HP,Model-78uY,3a06f849-350a-49ed-8d3f-7745b0d5b4cd
6be20775-03a0-43b8-af46-b86a0a8a3588,7bac9f37-bf0f-4fbc-b951-1462291652fc,Smartphone,iPhone12,976056195168184,Samsung,Model-27Ud,14c2f341-9370-4854-a0ff-8cd10fa81413
c28be735-6c1a-4796-b691-c902c74ea2e6,9badb9d2-a8e7-4f7b-b835-102ef48bdd93,Laptop,iPhone12 ProMax,812233815242271,HP,Model-24sX,f5efd56c-4bf3-443b-b35c-9ef8a087d923
b0d106b6-a55d-4339-91db-428c6a10ea72,7dd8f597-1a19-47bd-bc3c-906bfc3fce08,Tablet,iPhone12,228793340700711,Samsung,Model-43aJ,cac03fe1-2507-46db-bf9c-ccdd4d30e53c
71718b39-c2b6-4bdf-84de-65f9f1373127,927a687f-2640-4dc9-a83d-74c75e4269f8,Smartphone,iPhone14,211729001006021,Samsung,Model-96Rh,30d58d3d-7465-431e-96fa-df9c6678daac
5033a8ae-aded-4bc1-8854-3b7176658e0a,2e19f6d8-1325-4048-934e-f1f96d787c65,Laptop,iPhone14,847923289656431,Apple,Model-48TO,2ba1b083-2cc5-4a76-8e78-b869b8d75bd7
182dabba-ec93-4370-9948-b3b742ec74d2,338e2489-66ec-46a8-9659-06146b8a4393,Smartphone,iPhone16,300419993463065,Huawei,Model-19HM,c8b0e857-b8c8-4580-851d-58ff00c5c988
ba31ad50-7688-4323-800a-4568af743897,d0a0131e-854e-4e97-96c9-fbd44b87dc4e,Smartphone,iPhone14,810434220355201,Huawei,Model-62KQ,6fc3462f-49cb-4a39-ad7a-7ec22152562c
76cec13d-7fac-4fca-8afa-d2967f91810a,5485d335-1e28-40de-b5f5-b2977d478091,Laptop,iPhone16 ProMax,677942225935183,Dell,Model-35rY,49eba650-a9b5-49e9-8c22-0f3e7c83c05c
208a3471-eeea-446d-9a2f-b2d94f80dce4,d2bb7e92-73b0-449c-ac61-5a0e053db8d2,Laptop,iPhone16 ProMax,656613217467445,Dell,Model-86LM,9d8b696e-93e7-4e4b-ab38-50de997f2a3e
87d4919c-4121-4d7e-80ff-550f1c1be2c1,176ca04b-af04-4eb2-8aa7-2d64d0c429c0,Laptop,iPhone14 ProMax,942085184093112,HP,Model-69Mc,8e1e575b-7202-4002-af98-99204af7b056
5f07115f-e118-4c08-b467-624a9e493c24,672f49d7-de71-4160-9d45-5c3dd841e365,Laptop,iPhone15 ProMax,524921323545677,Dell,Model-01VO,c5d92f6a-ada6-4ced-9fb3-f1d9bbb80b84
e3ea4735-b2f3-4039-9abd-3ea0c1676819,758010cd-6ee6-4635-8e2c-9470b4d3db05,Tablet,iPhone15 ProMax,997346125731408,Dell,Model-44rJ,89263073-8e81-4ca5-98cb-3f831009aecf
6efc5995-ed4a-4127-aae4-b4cb1768804a,fa88191d-05c4-4992-899e-f082ded265c9,Tablet,Motorola,650127567852193,HP,Model-76Hc,adef54d4-0ade-44d8-998a-debf6685e642
3b4b0e32-e765-4dc1-969a-a616cadb19e9,6775a10b-a13d-4e9f-9b68-1ae8dc6b2e32,Laptop,Motorola,530567643767103,Huawei,Model-14cT,f844f710-a9ce-497f-8f8e-20097343dd92
24afc624-5ead-4aab-93d6-ee6901b664ae,3b8c74f8-9578-4b23-b018-52ad309f3ace,Laptop,Samsung Galaxy Pro,173217638908732,Dell,Model-18GQ,52bf0b1b-4bfb-47e7-a1e7-80b35632b3bc
04e37a29-bc6c-4ef3-85b4-9f17de760038,4d4821f6-dc33-419b-be3e-3bf140b9ffb3,Laptop,iPhone13 ProMax,939863722125298,HP,Model-79vN,3c80811e-8017-4578-8524-baf9103e75b1
720e65be-583f-406c-84a8-44df3d6baffb,c6b7d98f-61d7-4bc7-bdb7-ab994bb00eb6,Laptop,iPhone14,420485066591632,Dell,Model-61Yp,d85c74c1-6879-4c05-ba8e-1257bb6c7831
796ed41f-8544-4b91-af90-44d9125b2983,61a749bf-6a76-44ad-83b7-88218804c921,Laptop,iPhone14 ProMax,977964491504086,Apple,Model-22ep,3f69b047-2696-4b46-893b-97bccedc9680
0cdf6c63-3500-43df-9561-d1e5c06d1cd7,ee315f23-8e19-4226-b260-850bd3d7b103,Tablet,iPhone15 ProMax,805357791058465,Samsung,Model-88pE,45e1ed88-0854-4585-ad4c-e788b44d6dc0
76868c84-deb5-4bd7-b738-fadff5463621,a08849cb-d3b2-431d-b343-10e1218b4ee5,Tablet,iPhone15,726122194046913,Dell,Model-42BY,cf3d7f48-f186-4115-b0c7-73a16abe45a9
bc85e3cc-e6c9-4775-b7ed-b1ee6cd16537,f22132b5-d1a3-415f-85c0-66c920cbae8b,Laptop,iPhone12,897996862414419,Huawei,Model-30fb,bf5bd8ff-667a-4565-b7dd-7eb39dafe611
e991a224-6fdc-45a7-bbb7-9e4cd54b8a36,92db20ff-8d46-4e67-a9a0-472edcb6ccba,Tablet,iPhone12,174913464452311,Apple,Model-48Yw,67fe39cf-741a-49ee-8586-ea20ce9416b4
66b5189b-3eb4-47c6-ba24-dc43662bddb2,2cfd7fcd-f498-4796-80fc-5a55399906bc,Laptop,iPhone12,295986642985240,Apple,Model-52Rg,02725970-f2b0-45d8-9d18-5309829369fb
dc087365-d012-4832-84ed-d69408fe63dc,cc93f701-01c3-46d7-9f78-ae05e25be6f1,Tablet,iPhone12,485987715197432,Apple,Model-65sz,f7b1743d-46d7-4d7e-ab3d-b05373cb741c
064f6d31-2f91-4657-9605-4b73f861d311,53278005-c5de-4508-a9b2-2c023b467737,Smartphone,iPhone11 ProMax,710009608777365,Dell,Model-52Tw,5d254c17-0d75-4981-975e-8d114c24dcd4
2157be48-7360-4af4-97f5-5dc6d196faf9,e698aa82-b9ea-41e3-8b9f-fd8555c1f54d,Smartphone,iPhone13 ProMax,303557681023415,Dell,Model-01ho,cd45ce45-6e7b-4e75-bdb3-bddd12171e36
85fff567-addc-48ef-8c8d-3ede995a840f,d43c5480-020b-423b-8269-3aa8a961e08a,Smartphone,iPhone16 ProMax,260770351226926,Huawei,Model-83IC,6ac4cad4-a059-49f9-94e8-c94dd33745db
0ae0ac0a-48f8-4cc0-8e24-254473425d46,f81ddcf0-b518-4fb9-930c-674dc160dcb0,Laptop,iPhone16 ProMax,828889840006924,Dell,Model-64IJ,2fc8a93c-022e-48d0-a7a2-e620a638f5e0
ff2f8c40-51d5-4edc-9b8d-804f97109ae6,53cc65e3-5514-43e1-b329-f132dc18752e,Smartphone,iPhone11,880179207253862,Huawei,Model-47GD,c5af5e4f-f945-406e-85fe-7679811061ac
23b6a9f5-7acb-4171-8497-6e401b5085c7,20867092-9f20-4272-81d9-acf23b044f25,Tablet,iPhone14 ProMax,594165222873559,Huawei,Model-22El,d13384a0-740a-4b0f-8c9c-63f68bc8fc03
e5d9c408-72c5-435d-b6b5-57c6caea2e9a,2517c96d-ef5e-4374-8090-64d89bbbd38a,Smartphone,iPhone14,797476394240245,Apple,Model-32Hr,f330a7e2-9daf-457c-b959-b0ee93ba7c42
2792b187-3e06-4d65-b2aa-636187ea07be,9c04bd34-5baa-4997-903d-e8cd627e2cdc,Smartphone,iPhone15 ProMax,191344111182417,Dell,Model-30jO,47ba5ffa-1a46-478c-aecf-92f2503f334b
e589ac52-1346-4abe-92b4-4ee773f92999,46b84862-5338-4311-88c5-50b33f22d4cf,Tablet,iPhone16,369495697360664,Apple,Model-85Ru,efc2d30a-4ebc-4f25-be9b-6ad4901c70cc
6b81cc85-2516-4545-a813-eade56b7f609,3bd2876d-1f4c-4e3a-a270-1a602c809a43,Smartphone,iPhone13,220445762886886,Dell,Model-80xu,24ed62fc-645b-4ece-b199-aa8ed44d978f
6bcd14bb-7340-474d-b2f6-a0f2bf0c8ecc,964d68b5-344d-4b61-8def-340c2d3be5fa,Smartphone,iPhone16 ProMax,297559011674774,Apple,Model-39Lz,882cdec4-3e1c-447b-b8a8-9d49ef68d38a
be07856f-cf22-4ba5-a7fa-ca6efa7ca1fa,118d3b9f-1cdc-4462-b879-94837ae4b6b8,Laptop,Samsung Galaxy Pro,481832247511904,Apple,Model-33zS,6cdbe465-cac6-4b56-91d2-e22c05e6e6ad
b7f1bc50-b3db-4bcd-b397-9a8a8a668694,a6a253ed-8ede-435f-8e5c-bb974b17c7f5,Tablet,iPhone11 ProMax,910603785519687,Dell,Model-32eC,d6c5e739-b6c8-465e-8b9a-08e9280354b2
c7663b4d-8b75-44e4-a7a9-975ae991cbdd,ec3041a7-016a-4992-8aed-aece4e7cb46d,Tablet,iPhone11,746762155507134,Apple,Model-17uA,191f579f-a69e-41e7-b406-f3aa9ea510c1
a112a946-11af-4b71-bd18-0df08c64b2bc,64626fd2-1c4f-4e7d-b667-690d09412d0f,Tablet,Nokia,257734206152120,Apple,Model-14wX,55995c73-07d6-48b7-8280-3b4648d49b49
f6270509-90ec-4b94-988c-ca365f7bb3c2,9da2e035-906f-491b-9993-ac4407f1f8bc,Smartphone,Samsung Galaxy Pro,121198833117183,Huawei,Model-93Fh,b6182f57-4ed3-46a2-bcca-34481e96a590
12bd8633-d918-407c-9c68-2a10d61d2aaf,9e691831-ec25-4d7d-a7f7-76a1b76adfd2,Laptop,iPhone11 ProMax,393311011110851,HP,Model-86Ug,830e85d6-9a05-40ae-b689-d9118909e93b
ef9195ef-dddc-42b3-8bef-b144e840a73f,c29745c5-48d6-495a-8172-b4e65745de9d,Tablet,Nokia,167948567731525,Dell,Model-60cx,3293aa41-fa0e-4e1b-b546-a1efe03dad49
74d8c9d2-b4f7-4cc8-8f53-1e0eecb51e4b,c2111e9a-056b-45e0-a761-ed278f395282,Tablet,Nokia,235708505929963,Huawei,Model-95tI,2ce8fdf3-ae34-43f3-b17b-292bee20e3a0
642d02ae-9238-4dca-8fa7-f665edb75655,a9dceea3-f5f3-4520-9ce2-143e35723c7f,Smartphone,iPhone15 ProMax,238203154602076,Samsung,Model-06RC,277e018f-865a-4480-8572-7ff101e4b8bf
5966f94b-d6f8-4d86-b0b7-33fbead5f876,8a18120a-a681-4ba7-83c7-075fba23a15d,Smartphone,iPhone11 ProMax,910065290190158,Dell,Model-05im,c7947cfe-91b2-47ae-bedb-e1812caed93f
969c877e-f755-4273-a109-13ca04a2cdb9,5c564dbe-799b-4530-a69a-247cbbd2a5f6,Laptop,iPhone12,155702345319002,Samsung,Model-23sn,0ed3c9f2-fd93-466c-a7d1-ec206c92792a
fdef7bc4-2e1f-48c5-93e5-e11a26bdeb33,5bf950ad-d06a-428b-9117-3e5432b7c57e,Smartphone,iPhone12 ProMax,286189340455530,Apple,Model-30sK,5d90986a-c5fd-4ea2-8443-2bfdd2554b09
64fb7890-e303-4ea8-a337-18e565d7c7d6,9ba78e02-7b5d-43be-bc52-95cafd5db7e6,Smartphone,iPhone16,699750685923795,Samsung,Model-04MT,4adfe713-1447-4d32-9613-a682c884867c
c382c8cf-a4e0-4dc7-8ef6-d97f3222bb3f,d2f9271c-47f5-49c5-841d-e876da1d49cd,Laptop,iPhone13,565063478577849,Huawei,Model-05oB,7da2c9a6-53cc-410a-9a59-35d600a0b873
bc6f889a-165e-4cf7-a19a-24588eadd8b9,99c2db8c-ef74-4b4d-a11e-33fde61f7dda,Tablet,iPhone15,830421434679894,Apple,Model-57Ww,49ce7168-ecd2-4073-9a9f-1eb196c6a35f
c7a12af4-75a5-4869-9751-f0d7c860116b,b4cb0107-cf09-4c2e-b543-ec7bb0b381cb,Smartphone,iPhone11 ProMax,478932328881401,Apple,Model-58fA,12a9083a-b4e1-4d8c-98a8-674743f54890
032abc11-57f2-4ee0-85c7-47b6cb7a5fdc,9f74c043-3432-4c3d-836f-8d45278d3ce4,Tablet,Nokia,385237893424799,HP,Model-60sR,120732d1-6e7d-4a5c-90a9-9e9cb502ed1c
5f09a927-5c45-4686-a599-48407f2f4e8a,2c4c17cc-5ddb-4e45-aea5-4fda3ff4ee0f,Tablet,Motorola,371448327240406,Dell,Model-85st,08337826-8ded-4383-8663-8bff739ebca0
2770224f-2d47-4808-98cc-84d9e79a1797,bad89963-951d-41e7-a9ce-3f7bc5e7b410,Tablet,iPhone13 ProMax,746138028410444,Dell,Model-17kN,cb31122b-af02-4d80-9791-94d7ffc41ce1
13d5442f-bdc9-47d2-9bf8-9051a61e1935,ea840f41-711d-4d53-ad5f-ed6d36ce0766,Tablet,iPhone16,535293740037846,Dell,Model-99yI,004513f7-3e9b-42e3-b5d6-111e71ee08c8
c8ba9ae1-d4eb-4b90-884f-a40580279f0f,a59adcb4-feac-41f9-8402-6b5c34c3c0d1,Laptop,iPhone15,469610994471134,Huawei,Model-77Lk,33276a92-1208-43c8-8ac0-c242819963c2
d4d0e8ef-d85f-43cc-b9da-6cc98e3db245,077ff18c-2737-4861-a0ac-dd7a8199cbea,Laptop,iPhone11 ProMax,358671755079122,Dell,Model-50qg,027d3949-9dbe-429c-8573-b243b8f7d248
dcc246c9-f293-4545-9f4d-5b7c9330126c,ed442225-f52d-4b9d-8d4b-617c666b5409,Tablet,iPhone15 ProMax,896415602644590,Huawei,Model-59Pm,3a843924-0d27-45ff-9ab1-0e18fc092cc2
aa5c8065-a12a-432f-8dc3-1e3e5036e73a,4febe6e2-08ae-40ee-b7b0-72e64556d0c8,Smartphone,iPhone16 ProMax,480539393080953,Dell,Model-25fB,21fed134-3407-4660-8a0b-e9636e9f9de8
fa93cb11-68c5-4a33-90ef-a7378b5ecf81,bbc2fb28-08c6-4a42-a5cd-21939e70e790,Laptop,iPhone12,494668005771537,Dell,Model-26Sv,6fdcc29b-5fbf-49e6-a411-1e59b1513636
8bad3798-7351-4d29-b548-88500dc10152,90f7791d-68d0-4950-b6fa-7770703b1663,Smartphone,Motorola,560576483042074,Apple,Model-65qe,b20f5216-437b-4186-8c68-defceaa2afe8
e3d31b8b-cbb7-4bbf-8760-0e3a085d3fe7,0ba854e2-e263-4653-ae24-9934c858c6f9,Tablet,iPhone15 ProMax,970125112775003,Apple,Model-32qv,698e672c-71b8-48bb-9fb9-9538151986fa
63b16ed4-3da8-424e-a00b-537b47736f47,92c55b82-2807-4a15-83ed-796beb0020a4,Tablet,iPhone14,283224823653260,Dell,Model-92zL,12b75a45-8f83-4d51-adab-a6bfba31352c
64cb0e62-fac3-4700-a746-2916bd43b612,2bb60fb5-dd20-4a0f-afdb-b24281820201,Laptop,iPhone16 ProMax,740517729872083,Dell,Model-35JM,8484af6a-9448-4a93-ad24-8afb1fb8e636
21e9a9c2-fb20-4299-879c-4cbec4a2508a,d0fd2cf9-a299-4f69-a0a4-fe58b664c5df,Smartphone,iPhone14 ProMax,551978025248980,Huawei,Model-03kz,0e6c239e-cfbd-45a2-a67d-fcd86ca20027
5c3f5aaf-ac84-4c39-b83c-8ccca894d65b,d44f44ce-8831-42b1-9d7d-4702884bb54c,Laptop,iPhone11,425361096610939,Samsung,Model-30CL,96323369-ef06-4ab6-9e17-2d22b7ad362f
0cbc9d33-0d0b-4b20-88f5-c15a6520282e,0b8ebf56-8914-4a96-a57e-c3d226e79b18,Tablet,iPhone11 ProMax,850674223629349,Huawei,Model-25Ul,d2c64e2b-5ae3-4690-8bc5-11e5a5aea366
545aa10a-f74d-4e78-8a76-ac9301b4e0fb,07b54915-b712-4a3e-b1aa-7721618d0bfe,Smartphone,iPhone15,540166181102035,Dell,Model-66FB,25569eea-af7e-482e-be95-9fb58a361cc4
716b122a-a358-4c39-a96a-68b5c7950288,5f18130b-5e66-4c12-977c-5b45469bf76c,Tablet,Nokia,199195417662961,Huawei,Model-01BX,13ea5e85-741d-439f-bf01-b568a329cdb7
2b82a207-dfce-4a3b-bac8-fe553fd8dbe5,3bc2ab38-e656-4c59-8105-39e80ee7a758,Smartphone,iPhone15 ProMax,817829645604153,Apple,Model-70sk,59f3ce11-4ed6-45bb-862d-32b5bb065804
d7b87418-bf92-47d3-b4b8-757f60c62c48,08f1156d-d362-48f1-ac2d-8f6bc7625c15,Tablet,iPhone11,102353140778580,Samsung,Model-25nX,41c96ccf-e5c3-4859-a8b5-27741b7612b7
1b83cdfc-795d-46be-8fb2-d1c9cae484f7,73426f34-912a-4d4d-b190-a23991ec4cd7,Laptop,iPhone12 ProMax,509313072641239,HP,Model-26xY,fe532e8f-086e-4a19-a0aa-d0f52da5e194
9aef91ac-3727-4bc5-b30f-38fb7baf095e,86c0dba5-d134-4c8c-af01-3f6b5c4c4cb5,Smartphone,Samsung Galaxy Pro,969747062495135,Apple,Model-90SY,ca57e2eb-a38f-46c2-9d6c-3f4cf8ca4f92
7d478132-5d1d-4187-9e94-f1399b0aeb6c,d0f65b5d-8c47-4b43-8246-1b64fa137ee5,Laptop,Motorola,411249071262865,Dell,Model-65Cz,0cca1b9d-cf03-4a6b-9ed9-393ff37d477e
3ed55b1b-e833-454b-91cf-b0caeceb8d2b,3349372f-5ac7-49cb-b315-f0d5849524ee,Smartphone,iPhone14 ProMax,793482858235980,HP,Model-67AT,e52a918c-ae65-46d6-8181-28ef7505620b
65b3fc2c-b095-4c98-999d-95122fff6fa7,c74a176f-d73e-4697-825b-40577eaea87a,Smartphone,iPhone14,969295260179374,Dell,Model-09Jp,9f17eca9-b1c1-47c1-9f7b-8c138ddd8571
06454a55-7b88-4fee-8c92-a06d66a7fb8e,63a2cffb-b3c4-41c8-a1cb-a6936bac54fa,Smartphone,iPhone12,540917518720067,Samsung,Model-02Ib,1ecf33da-7bfd-4c5b-8345-ab7e08d238b1
3c771af4-e6aa-48b3-8de2-7577f449a41f,5b4d1a85-f9f8-46ba-929f-b69266ce3c9c,Smartphone,iPhone14 ProMax,966426982203175,HP,Model-90rr,d5127c07-a684-4eb5-ad3e-645ffa0ef797
c61d39e1-fd59-4ca1-aebc-b39c1ab3c850,6623c99d-e3b3-421f-b870-99cdafd3fa43,Laptop,iPhone12 ProMax,420760868690414,Huawei,Model-69nb,d5cfd4cd-a0fe-447b-a5c7-7ce507a0ee70
4e693bdb-41c6-42aa-a21a-eb0f379b00f0,66c9875a-e93c-4ad8-a0a3-77c5208c45f2,Tablet,Nokia,933687861295364,Dell,Model-45nw,71e5acd8-c7c5-4b39-829b-5f170d4dd9e9
21f3b91f-c92f-493b-b57f-c2d967d4f18f,bb399e13-0be1-4f82-a71b-47354fc6bdae,Smartphone,iPhone13,132365147652174,Dell,Model-99cR,bc4db128-40be-4ca3-9de7-d84b7fefa3b1
3298fd82-23d5-4061-b694-855be157a079,ff7a5d26-6db2-4c36-9e96-6c913dd28841,Tablet,iPhone16,589465123188769,HP,Model-77dM,d02a8a93-5be3-491d-ba29-5ea56923a904
cc2f4e90-2c9d-45d9-8b24-c09381481cde,03c1b822-17fc-4b85-9b82-f39789363b0f,Tablet,iPhone15,302501645205255,Samsung,Model-60vM,401c828e-3b78-4219-968c-7d8d7d2f70fd
51831813-553b-49cd-9a5b-265a14a0d749,3b61d834-f8c1-4e58-8ed0-24ff518d8ab6,Laptop,iPhone14,408140200072181,Dell,Model-04kI,404f8e6d-7534-49d1-88dc-32c584d7dc0a
46babf56-987b-48ee-82ed-62ad3c5b3b3b,ec14e4ee-2289-4d5c-8465-3622aaa00d16,Laptop,iPhone13 ProMax,777118958828528,Apple,Model-14IP,a07077db-8146-49d5-8c21-2b34d0e06609
53d8bb81-846d-4d58-aff7-501009be51a4,e7d304f1-c95c-4a0e-a52e-29cdd361d47a,Laptop,iPhone12 ProMax,830681334102905,Samsung,Model-32gH,7b560f35-fc8a-4fab-a272-ce2f1c0ef3fc
12324506-70cc-4f78-a13a-d5f8d9c246a2,6c271d65-bfb4-45aa-bf93-acce803cd5ad,Laptop,iPhone13 ProMax,592378083211320,Huawei,Model-79wW,58abf66a-6a6e-418d-861d-d993213a9c54
c5a14fcc-d5ca-4fdf-a172-e1f87b0de368,70c7b8f5-4cc6-4b03-a89d-adf77f351e5f,Laptop,iPhone16,125703186706833,Samsung,Model-22Es,c1307e3a-c641-4b59-b278-69195cb400fa
a6d42521-5ccf-48c8-afcc-18164ebd9e87,d4df1a29-aa4e-4a84-8cbb-d807dcfb4553,Laptop,iPhone13 ProMax,862153381671878,Dell,Model-48rh,0321f56b-026f-4889-b31b-c9c86168d703
ee62d1be-0346-4180-b618-d1bb3c1303d9,7b4255ab-12f9-41e8-8ddd-9bf94ecbb391,Laptop,iPhone11 ProMax,338351583158985,Apple,Model-71qH,79375789-d2bb-4034-8667-d4f1ff056ec2
2ddd880d-895b-4dc2-99c7-7ddd9dca0071,fac347c8-9cae-40cb-94fb-9fd8b1cb21f6,Laptop,iPhone14 ProMax,899177918811183,Apple,Model-11tz,e38b857b-39a9-4e9a-9f4b-e1c9935d181c
deaf6360-1751-4253-b3c6-e09572a542ed,9a621f37-97e5-401f-8f5d-c831285815f9,Laptop,iPhone11,808548084245275,Dell,Model-27wo,bcd01b92-4ab5-4955-be45-220f85aa63b3
b520caa2-d4c8-4b79-b6b0-ba37005fdb3f,7f2bdd28-d2f7-4620-ae08-8286bdf2357f,Tablet,iPhone15 ProMax,232437253834471,Huawei,Model-11Rr,56f218e0-721b-4389-ae7e-cdb4005756b4
0debc284-3346-4a1a-9ff3-514b7d91b2a2,67f4e385-e92b-46e2-867e-d221f41728cb,Laptop,Motorola,159869660115848,Samsung,Model-89tF,36c57f79-4306-41a5-b060-f5bb284595f6
94dfc060-66b4-4772-ac0c-60818b03cab0,8e0c34e7-19b6-4719-b35d-813caa1e3eed,Smartphone,Nokia,231786054065433,Dell,Model-89BL,d1e76f32-773a-405d-9afd-a96bbe2fac82
2a1db1a6-fb5a-40a8-8040-2036886f5a5a,a48c9402-16e1-4d43-b844-be77d6f6df38,Laptop,iPhone15,176973476120007,Samsung,Model-36KC,94983340-6441-45e3-a4cd-0be7c1f5ccbf
746ba7f6-2a63-45a5-a75e-5cbde6445408,2559660a-5bfc-4f34-b02a-86b3b9e99cd0,Laptop,iPhone15 ProMax,218285023146124,Apple,Model-09th,9cef0773-0bb0-4365-b173-4d72e0e612cb
a7a0eb3d-038c-409d-9700-b4af9b79c4b6,25662928-9d89-425c-bab3-fddc84e47365,Smartphone,iPhone13,474052033899087,Huawei,Model-03zS,ac841cce-2823-4152-8a8d-878a41b8bec2
ecf5203b-a4f0-4e8b-9de8-5a6cb764507f,16def791-ecae-41c9-9dbb-8201393a4cd8,Laptop,iPhone12,141653034478475,Dell,Model-61oA,f75749bb-b71d-49a4-9469-49714eb2388b
2411f1c7-443e-45ea-b030-6a0cac1700e3,26c1caab-e492-4369-9e3b-56b1461b4177,Laptop,iPhone13 ProMax,570065338779682,Dell,Model-12ab,3275cac5-cc17-4c99-bf1f-3a38c90130f9
75dfa090-6f55-4a26-882d-fe9ec6df54f0,78766f0e-c594-4735-9ef4-8e47d845d09b,Smartphone,iPhone13,668595529282024,Huawei,Model-82cG,a2ab68fd-ec7e-4b87-91cc-c0c9d081d84c
410f3360-69ef-4ee0-9155-6ffc76304eb9,7b97732e-f312-4842-81d6-e2ea286a0911,Laptop,iPhone12,391487963206418,Huawei,Model-47wx,58fec842-33e4-4bc5-98ed-4063685af324
be68d5bb-7169-4ec5-bed1-c32dff94f963,cca7328f-1e2c-4d7c-8b19-a505c6ad1f00,Smartphone,Motorola,772341917064994,Samsung,Model-20Dg,d13f93c2-1b13-44f1-9b91-d3f9b25a7c51
bce9a7d1-586a-4840-b8a6-f0019086e1e3,4d5daebd-b0f6-4062-988e-a50cecf1603a,Smartphone,iPhone16,359752330024319,Huawei,Model-47gm,ced4dbd1-49f9-4189-9404-7d85f0d4c0b8
da87c920-38a0-4ad9-b702-57603d03ba32,f1c42d0c-3456-407e-92fd-beb24c2e5e3a,Tablet,Nokia,286240611052918,Apple,Model-34IP,d29a0022-a7be-45dd-8517-7b375df498f2
f62e62db-fd42-4703-bae5-74085bb409a3,54ce0b13-78a1-4c12-ad50-d8f147fa4450,Laptop,iPhone12,259260246655284,Dell,Model-62YC,079e8ab6-306e-4d6f-a9b1-d9d03a1edb07
2e33cf36-9c31-4974-80b0-f944048603d9,213355d1-74ff-4111-aaab-44d2d1d0b1d1,Smartphone,iPhone14 ProMax,233352507658601,Huawei,Model-43mJ,93aa5c36-5041-4e23-bc32-c01d8fc7cd0f
f8a1d25e-67b1-481b-8452-4c5814ee52e8,45adead7-6356-479a-9be6-afb5ac7421fa,Tablet,iPhone16 ProMax,986954180891299,Dell,Model-00Na,7515a860-f299-49f7-af0d-4628b03e8297
f6fa66bf-80c6-45c1-9984-df2405022c7f,81d5ffe6-ff77-4229-9ba9-34904ebd20c8,Tablet,iPhone13 ProMax,633396902784385,Huawei,Model-04sk,b9a040e4-37e3-4020-8af8-cf93d0151ff1
50f9daea-5344-416b-b00a-a30456d5e4a5,fe020277-de55-49cd-b0e3-b141db1f8ba0,Tablet,iPhone11 ProMax,218233167586481,Dell,Model-92UL,48e1d169-1f31-48b9-a00e-81721cb7c859
63b7e083-ee04-4dcc-a9d5-4ee879806d7b,3cc43396-a8f2-4ec5-be9f-9109bdd795bf,Tablet,iPhone14 ProMax,617196105561055,Dell,Model-88CL,33efa090-d038-4e02-8b27-b56645f71974
6d7a7264-eb2b-4225-99d3-05c505b4b7a8,e7be6953-a06d-4cc0-86b7-bc86edde3ed5,Laptop,iPhone11,697021087489005,Huawei,Model-05oZ,9b5cf8c4-f839-4f2c-a585-b3cb93eeb3d1
f912f7a8-bf2a-49c4-99b7-b0f9dbe92159,2c7ccb37-fc94-4ea4-954d-32247348098d,Laptop,iPhone11 ProMax,286131143224457,HP,Model-38pP,9bccadc1-b6d3-47e7-99c7-692c587314c6
63565be4-59c8-46b9-b29d-1df567158a43,02203245-570d-4210-87c7-cfa5f692af23,Laptop,iPhone14,517928962641591,Apple,Model-28bc,5886d6a9-6177-48fa-956e-8ac2545cb06d
fba6cd43-a3c5-4ef8-8987-a764dfa59b39,513cf64f-b055-4cac-902f-823ba0ad0679,Laptop,iPhone11,361170810658389,HP,Model-46Od,2f194270-f4d3-4367-b0a9-f438534fd7df
099536b2-ae74-4f73-914e-a1769650cac7,60e0ba30-c74c-4c13-a5de-d9b306663ab3,Laptop,iPhone15 ProMax,653836509857741,Apple,Model-61mN,70f9a227-7ef5-4258-ac1d-91747b599777
1f1be8de-e218-4175-ad11-9b33029727e4,0661e11f-c6e7-46b6-bc82-2726db7ad05b,Laptop,iPhone13 ProMax,850110769353770,Apple,Model-69Sh,79ba8dca-02c6-45db-b423-71fc8f8ecc28
ad9a22fb-a1a8-4c68-8013-f92139b11e03,211ee5d1-505f-4c95-b91b-73910d76a992,Laptop,iPhone15,909026838060389,HP,Model-53HE,5e520bb7-4557-4da1-8adb-cdb45fb6fea1
e47c5819-3d4b-4f1b-88a4-5198708bc105,0a916155-8aa3-4f30-ad9e-96cc1de358c9,Tablet,Motorola,976124241920964,Huawei,Model-61sV,9a3f4aee-12e5-4b4d-8f8f-c2284361bbb7
74d8ca67-f389-4c17-a5ba-38b0970293cd,ab8f84e8-8e32-41f4-9fb3-0ef097500232,Tablet,iPhone15 ProMax,778276792121374,HP,Model-84SE,66218905-921f-490b-8ce0-dbfc5ef0ecc5
fe10944b-dccc-4836-8ced-cb7b7ad838db,12239823-9fcd-4269-87cf-d03498017b35,Smartphone,iPhone11,759835668211040,Samsung,Model-96jK,aeedbc6d-8462-4ac6-a757-0bf12c2ef661
8e30a76c-b473-4d8d-868d-db0ecde65cbc,ae151ad8-82c2-4fa5-be39-25a66ad5018f,Tablet,iPhone16,647281091811203,Huawei,Model-19wh,398a92f9-73b5-4c05-acc5-df339d7b0c36
e3ef12a3-ae54-4d52-872b-84590d8c3c21,8af8a81f-21ae-41f5-8787-d6e1d5b71545,Smartphone,iPhone13,302047598863526,Samsung,Model-61Rl,7cbd62c6-36c4-482c-863b-6a2ebcb3bab2
1ceef25a-498c-4f68-a195-c7ea2f98fe68,0a54a248-84a0-4de3-82d4-f617940812a3,Laptop,Motorola,779812353969469,Dell,Model-98It,92f0f834-8e85-4d59-bece-9def5c965f4c
cfbe0f80-657f-4ae6-9b77-3f6567ffbee0,0d69def4-2e81-4a99-bddf-465cfc59f2db,Laptop,Motorola,728559860697933,HP,Model-35LK,9f6ca4b1-a27d-451f-85f3-83d7d1f1c324
1c71b0a1-0af3-4b49-856f-2f5d223588a2,261d7498-521e-40d0-87b4-d8805841941f,Smartphone,iPhone14,154045403623589,Samsung,Model-29eX,702f257e-9298-4606-b3b3-5a04c6c3b59e
bef1392f-024f-439a-b3ff-630d87956a4f,c05ecf29-7233-494e-9fb8-242512b55e4f,Smartphone,iPhone14 ProMax,216930182674489,Dell,Model-30aN,dfbecc1d-0cea-419b-bfde-a36c8b863bf3
1a42fb87-7d5e-4c3d-81fd-2fba8fbe7573,52f1a8a4-17df-4007-a0fa-5d36bee6c9ec,Laptop,iPhone16,167183002222696,Huawei,Model-87Tr,fa6252ee-56f5-4e68-ba87-d6a5bbab0c85
d6ad0739-6671-4c20-985b-987fcc75a236,6a0a2ef9-c850-48dd-a45d-7800b77d6a73,Laptop,iPhone14,799086879011728,Dell,Model-87Px,0efad975-4720-46cf-8430-d3a2306cbd0a
40a7e4fd-0715-4137-a88b-8370258f6460,1af91a31-3cac-4c4f-b91b-245ad1e2e95a,Laptop,iPhone15 ProMax,633818087655221,HP,Model-03Ek,d8471b09-dff7-427e-97da-a4512730408b
2a82fb77-ac94-4cd5-94e3-c63dea99508b,b58f4245-5075-4cc3-9055-58bfb142a672,Laptop,iPhone12 ProMax,869040269805913,Dell,Model-67Ah,54eb8b60-d4e2-4976-925b-bb7f15e3ce14
f8de506e-76c6-4d5a-8bfe-4087f59cc05c,bf259e99-5111-4ec8-9684-b73d3bdbe156,Smartphone,Samsung Galaxy Pro,669295286000979,Dell,Model-96zB,7a49b17b-e64c-4ada-a0bd-d3d970438a86
bdcb3432-731b-4fa8-84d7-7b440dd67b39,e77c5c64-90e6-470a-b86a-9ab39a6a26cb,Tablet,iPhone11 ProMax,977529832383761,Huawei,Model-48jh,c4e2b0e0-838b-4fe0-963e-752d44d66ee1
8a9f9011-5bf8-4055-b1a6-0d1460468199,bcc745a7-df00-4ebc-8c66-c3ab75cd97fc,Tablet,iPhone15,481736780004898,Huawei,Model-01Wv,a247bfb3-61cc-47e1-8c4f-eefa12aa2d7c
abc2b676-eda4-405d-b285-6daad7c5e9c7,bdce0f05-e0a4-4977-b16f-dde344b2a64f,Smartphone,iPhone14,640555607893913,Dell,Model-56bH,dc27b023-3a8f-46db-a210-23c42daf113d
f3505be7-518c-4bf2-9463-65baca489a75,248aa15c-aabe-43a4-9297-f40cd8c5e72b,Tablet,iPhone13 ProMax,139779551829495,Samsung,Model-54vS,6a7d3096-1b6b-4a39-b07d-c0fb74bf1587
9bed938b-a749-4cf2-8d33-d463ca668bb3,043fe814-77da-41af-9161-463d17492a80,Tablet,iPhone13,173254448614986,HP,Model-04mc,0a54f3fc-1fb4-495d-b09e-a8274dd2c967
ab4ee4dc-d8ce-4741-8b6e-85c95efd9670,58211e12-b4a9-4d5b-9de0-6b31616fa078,Laptop,Samsung Galaxy Pro,765410215376746,Apple,Model-50cn,51fec0fa-7a11-4047-8b72-9f9826cf9ee7
062dab38-d8e8-4996-ac3f-afb546e7ccad,e9a9036f-703c-444d-bac4-f40566d3f996,Tablet,iPhone16,768727540298528,Apple,Model-01Td,5224e925-2727-454b-9cdb-2a5f727dc2d7
dd732a1f-ab4f-4cba-99bf-489d2543e45a,0dc07550-cd09-4dd8-aabb-102c89e39e99,Tablet,iPhone14,875229159786927,Samsung,Model-05Fr,2688b842-0284-4630-b92e-e5b95c088819
e8682bd8-22d1-4908-812a-740554471c83,0c44a016-ed0c-4826-941c-76627e57a919,Smartphone,iPhone12,832026552110453,HP,Model-40ue,59d29240-2154-4585-bacc-75fb9feae9a6
5a902e68-b69d-4eec-a645-1bec94d33148,b2da0531-ed6d-45f1-8905-71a5941b77d7,Laptop,iPhone14 ProMax,903438079564670,Samsung,Model-49Km,dbace972-e3e0-49fa-ae12-7e1a8fcf994c
9e371fbe-e786-4a1b-b720-621089b946c3,71d28710-d9d4-4735-9c86-2a318df50705,Smartphone,Samsung Galaxy Pro,502462448762604,Apple,Model-12yG,3ae9ec99-54b2-4722-9366-c930623106e1
6feade0a-2952-4464-b0e7-aeb05016056f,0567ff25-c3f2-4753-8aba-e6e23bfe02e2,Tablet,iPhone12,739624562068879,Samsung,Model-81AG,cc53fedc-3a4e-498a-8d55-4ed302ec113b
631d4a4c-a8d8-40cf-8eb8-48645e21281b,a4d9bf34-26c0-48f2-bac2-76d543c834e4,Laptop,iPhone11 ProMax,229960395690480,HP,Model-17ho,9c3ff03e-8ccf-446a-93c1-142084d5f153
11967578-46d7-4493-9cba-8d719c745219,4effd10e-1402-438a-85cd-58cd7940697b,Laptop,iPhone11,825527785872701,Huawei,Model-91tz,3256420d-e1c7-4d9f-a8ac-99dd6c2f44e7
12058753-8cec-4b01-b831-9cc1d6ea6607,42f65f2d-c8cd-47cb-935d-d0799b2a90da,Laptop,iPhone14 ProMax,853658221275558,Apple,Model-27hG,25adaa93-d998-4e8f-a2f4-e6d9e25880e7
5c3f2660-ee37-4453-a94e-bb9a02ea4ee0,b9cf41c1-99e1-4408-9a44-869608961539,Tablet,iPhone13 ProMax,868135510341923,Huawei,Model-18aF,f73391f5-ece0-4f0e-a6b6-c95625829193
39f17613-e41a-4878-a20a-d62c4962a2e7,705fcb21-6aa8-44e2-8443-ef11edd35f12,Smartphone,Nokia,832119887474882,Samsung,Model-68eM,4ebc9464-4ed6-4c74-95ef-82cc5528220f
3542018e-065a-480e-b80e-166eebb020f8,b086f156-f230-42da-bd35-ebd69b8c131e,Tablet,iPhone16,416962669665910,Samsung,Model-37cJ,ecd7efef-a596-4cf2-b10e-3fc49561e4ef
a88ef03f-ba91-4e3f-85cf-839ed98daab4,7f2884fe-9e0e-450a-b758-8c6cd4e06dc4,Smartphone,iPhone15 ProMax,197279222360987,Dell,Model-76co,315595bb-e60a-4191-84fa-b518c6e7e855
22bae288-67f7-432f-a618-ba2f985b24c2,45787d06-4f96-4c74-945d-e077997108c5,Tablet,iPhone15 ProMax,236255833858562,Apple,Model-63KW,02cea618-b5b2-413e-a52b-17d610eb765b
b49b5943-8850-4b86-9f18-aa0f12e9da19,f131ef8e-b388-44de-9a07-e3b799a474b5,Smartphone,iPhone12 ProMax,918866212891514,HP,Model-64be,041050ac-2ba9-4b21-bc23-3703af0cc10f
350adcb0-d3bf-4c15-a6fa-136fffca1760,5e086344-3134-42b6-aff5-ed6c41c3b691,Tablet,iPhone12,880929822346149,HP,Model-33vN,2b359001-d29b-41e9-aaa6-d45f31396e4e
60569c0f-c707-458a-9dfa-c103b230cf6a,476656b5-234e-4912-b8a8-53a0349f953e,Tablet,iPhone16 ProMax,811195097305830,Huawei,Model-35BW,a35126c6-80dc-45f8-827d-29606d5b0488
42926857-7c63-4fc6-a3ab-523e956d68b2,2bb1af48-24ab-4d82-b724-1acb12666b30,Smartphone,iPhone15,183353184471037,HP,Model-05bD,f3f169f9-d243-4ed3-b479-f2ea8226f667
10cd45ae-374b-4a97-abc2-4bbd73c09aa4,289410b7-999d-45db-817f-baa4d9d4f7d1,Laptop,iPhone14,957106872672611,Apple,Model-24Mu,3f325ba1-3eb8-4e8e-bd22-0bd9a7b9f7e6
fbe2fd7f-764f-4e7f-9ed6-1c0eafbbf9e1,910b6b43-549e-47e8-9098-2d1e20b40e06,Smartphone,Samsung Galaxy Pro,630000321213751,Samsung,Model-93xu,9cf6a937-6e24-4f5c-a3c1-ff823013a069
1252c96e-ae8a-4809-b832-5e202054f441,6d1612da-1469-45e1-a1d5-fde74f7c12bb,Smartphone,iPhone14,443217088127340,Samsung,Model-50fu,99858ef6-bc17-46d9-96b9-21dffd575410
b467b09b-bee9-4769-8c63-35f7ae57e4eb,7501191b-5828-499c-8a28-ae11d22d0c2c,Laptop,iPhone13,691779657078161,Huawei,Model-61Iz,d95708a9-07e2-43b8-8fc5-524ebd16b7c9
187db919-8d22-4d72-8ae8-083dae8f9839,446d0cd2-56b9-4622-b27c-4ac0634654a2,Laptop,Nokia,719516291392014,Huawei,Model-25mz,68803d33-1b76-4b4c-aee2-c92c727f6420
48d98114-d200-44d0-b7f9-7d6c2f38a795,df7559ad-5756-4d54-9ff9-5495bba165a4,Tablet,iPhone11 ProMax,963553395133997,HP,Model-63Yx,2029eeb6-e8a4-4f50-a813-022684b7b383
e71dcdc8-2abc-4458-b3ab-66f0e53011c8,3f7ee0d3-10d3-440f-a202-0911ad4f0e45,Smartphone,iPhone13,535618410853348,Samsung,Model-79Hj,b1a6a560-0c80-435e-b0ee-5ce326a1bdda
7882ba38-be08-41b6-9a60-ddf978e2720d,eb727cfc-5c4c-4c84-9be6-ac7da39424a1,Laptop,Nokia,407570637585788,Samsung,Model-43LX,5a8cd302-5620-4a88-9d25-00f16373011f
a9d6a469-ef32-4d53-a31b-b31acea1a04d,88f943e1-04f0-47d7-b70f-b7fd971c84c9,Tablet,iPhone16,350754951255049,HP,Model-26gj,49392546-13dc-429d-9f1b-16073510a4ee
c211f486-2520-423d-bf8e-1441e4f0dba8,d91a1cdb-a777-4086-a30e-6e07f7ce1466,Tablet,Nokia,690418841975336,Dell,Model-11Uz,602b9d4b-0295-440e-8d00-d0597bf24e7b
d7a9fad1-9318-4994-b4b9-fb333e6886bc,e91257d6-1f00-4739-b650-c5b2575a6c19,Tablet,iPhone12,442186554011323,Samsung,Model-40eV,216f113d-780a-475d-9cfc-67c169e5a81b
6e148b88-66b1-4fe5-aace-fbfc61d0f12e,4d320290-ceb0-45d4-94bd-235941c589e2,Tablet,iPhone14 ProMax,902906581140792,Apple,Model-25CP,3a61ebca-b1b8-4598-a85b-7ed840e45f0e
b0cc0eb6-60c3-4dd6-a496-6cf938cf563b,ebffeb34-2597-47c6-b4d5-055febe1cfe1,Smartphone,iPhone15,588621774275070,Dell,Model-25jt,f3bd5b5d-3658-4592-a3a7-6b3c5948209f
223eb9a8-e807-4b9d-a803-7f4b5af968bb,f8752fae-a506-45cb-9391-074463bf3501,Laptop,Nokia,123582650553422,Samsung,Model-09Zv,b7e1d79a-395b-44ed-b43a-4a92f66ff6fa
23a023e3-c6ea-44cc-ac23-c00a3c6e834e,12714d09-84a8-4a2a-ab29-aa2e672e3543,Smartphone,Motorola,582673836018887,Samsung,Model-79RQ,892a6150-4166-420b-ab0e-24a87ad0b081
fafadcb4-aece-4498-8bdb-d40bd4ac2eda,956fd195-b9a1-4c3a-80a9-86182df592f2,Laptop,iPhone14 ProMax,314977456010867,Huawei,Model-12el,7c878575-cba9-448a-baea-ea5e6225d943
88ba23ec-c915-474c-b10c-9615fd2fc5d4,5bdd18ab-e7de-4227-985b-8e8f7607ff76,Smartphone,iPhone14,811151472506492,Apple,Model-56mD,5395c475-c1ba-4a9c-89ad-5043e9e5b370
a0234a48-6d17-407f-8007-81dba0defa9e,4d4006e4-a1c0-40d5-bd42-bb47a4cae452,Tablet,iPhone16,730872997348031,Dell,Model-38Ky,e273b030-8c01-4a2a-8a45-3e4af6f53279
f6aeb934-0f62-48ef-95f8-deba4121f33a,8fd7dec7-dd77-415c-85ec-246047654c07,Tablet,iPhone15 ProMax,128785355310270,Dell,Model-89PR,bc723f39-1133-4f5e-b471-3e20c52b9ce5
94b7d9a8-8419-449b-a1e0-07c5d783acd0,762e3038-3be5-45bc-91fe-ee5f7f3efd75,Tablet,iPhone11 ProMax,582448614156468,Dell,Model-77ZE,aed36cf0-8145-4efa-a626-f08e33d5fbbf
e3de9828-df16-4aeb-87ae-27bdbcec18e6,6012a873-1280-40f5-b889-1648b8f0a5f5,Laptop,iPhone11 ProMax,134622055867865,Apple,Model-35vA,9eef7950-d624-46d0-abcc-cdc20880c70f
6d4f9a8a-7b65-4c7f-bf24-03e4c0be187f,6a67b14e-c4d6-4ffa-bf99-296754db469b,Smartphone,iPhone12 ProMax,933201418069619,Huawei,Model-02zL,66f5e3ba-3801-4087-8d58-c7b5b73e320b
4694939f-d82f-4ff0-b44b-617645405f51,15ee26e9-690f-4de7-b5a0-c3259b1d015a,Laptop,iPhone16,521988307690368,Samsung,Model-22yo,af2ae6ea-7a87-4285-9d75-fb46eb9f384b
0515b746-6b35-4e2f-a515-01508d9bc1ab,c7df966c-c08f-4499-9311-6a806875ed30,Tablet,iPhone13 ProMax,829938115016875,Huawei,Model-54Sw,eb0c954d-56cc-4dbb-8475-f22588ba81c0
c8bbd77f-3db4-4194-8dad-613084f14d4a,1f9c1774-87c1-4f02-a282-8394b7ccc9e6,Laptop,iPhone14,131205120611923,Apple,Model-80dt,7483bea8-bba2-4f06-b1bf-e7b0272d233d
fb2cdb88-47a8-43cb-a161-a4beed547779,ad28ade5-1c0c-4a3f-92f2-b609f475264e,Smartphone,Nokia,209973639392437,HP,Model-13RK,128d7d86-d1f1-4c9c-9e0f-e57f01ae77d8
08d90cd7-e6a5-4551-a611-4dbde6910955,5a98d779-e272-4484-9287-45ea9bce7e07,Laptop,iPhone14,314413462459369,Huawei,Model-15En,bc7694f1-086c-4a1c-9b6a-70048837fa57
17cb9136-4c40-4b13-94f3-9183a0cc55e7,85faee3f-3b0d-4d46-b5fa-6c0368c884f7,Smartphone,iPhone14,597215595190367,HP,Model-65is,2e9ca475-8b03-49d5-963b-9fc2488d895c
37a1b98a-1d1d-4355-92b6-8ad30cb51bf7,3f41c4c7-6e9c-4e7e-8ccb-89d99160d3ac,Tablet,iPhone14 ProMax,430833324955222,Samsung,Model-59eA,2c96c90c-9eb1-4001-99af-622863367f83
97784ecd-a9d2-4c6a-a0e6-daa4e09b78bd,ea864431-0e28-4221-9c13-56d999356551,Smartphone,iPhone11 ProMax,514893243331730,Samsung,Model-08Fd,ec467700-cd6d-4daf-882b-a2020b4af454
017abd18-523c-4364-bbcb-75bfee932703,51a5b4aa-9ec2-432b-97d9-0a03e0e9d011,Tablet,iPhone14,969753558803592,Samsung,Model-72nQ,de753e53-3b2b-428c-ba5a-da97fdf788cf
3e3111c4-78b9-4b08-8e81-c96b15d3741d,d3a1d70b-39b2-4110-971f-27e7b801bc4b,Smartphone,iPhone12 ProMax,227998165971799,HP,Model-65QC,f435913e-9836-4f14-b16c-2ddba119f606
739b2931-2a36-424c-8e31-88d90b61b84c,1ac5e3d8-f45a-41a0-9bd0-d257cd86383c,Smartphone,iPhone14 ProMax,307367091711724,HP,Model-34ZD,e2e5b323-a3f9-4aa3-9e60-b21481240586
af26564f-aabd-46d4-95ad-0d4c0f856034,a8d77ae0-9c1b-4231-b66a-421dc467a9ce,Smartphone,iPhone12 ProMax,705059322861794,Apple,Model-16Ef,e02871f4-64ef-4cc0-822a-c06403754642
ea5f051a-a47b-4c8c-8e7f-fdba83b9933d,5b6500b3-57ba-406b-acfd-28b3514c1a9a,Smartphone,iPhone15 ProMax,460558241351428,Huawei,Model-61IC,9cd13b88-599d-4bab-8fd5-6c99c4f438ec
97c2fe51-6712-49b5-8886-f463d1fc70bc,0ef2743e-c037-4285-81c7-ddc52b5c2361,Smartphone,iPhone12,326725474798286,Dell,Model-42Ce,675892a7-3733-44c6-b10f-090853daadd3
95ba28d8-c9b1-4489-b195-44a973ce6bef,132304e3-a450-4d08-a969-bb25c99b9ecf,Tablet,Nokia,966930075518357,HP,Model-44rs,66880005-d31f-478a-84b3-4c70d16bd479
475144c0-c076-406e-b6e7-47c525f1250b,e907b544-c0ca-49f5-b972-5ba8dab762fb,Tablet,Samsung Galaxy Pro,133638956237587,HP,Model-93lQ,ff82b10a-16e0-4d74-bee6-686073d8322a
8a68fdc9-1f2f-49c5-9970-696ab90860c2,86116d06-3df0-4c83-955d-d011fb76edde,Smartphone,iPhone14,241753786250137,Huawei,Model-28Lp,4e1c64dc-8e3d-46c0-9700-57223741f4e7
d7d8ca21-2784-4f12-bdd5-3ece1656ea65,217118f0-e24a-4230-8081-76e2e930e0a1,Laptop,iPhone14,289782722092017,Huawei,Model-40oX,26aa0f4d-9504-4dc5-8c1c-ddc7dc78434a
ee8bc02e-3aaf-42ef-868f-00578bc92205,78ce1c19-6896-4b10-ae26-2b2910d7f419,Tablet,iPhone13 ProMax,175967549333796,HP,Model-67Ik,c29d65d8-f025-4f6a-b740-04dfcc360666
c1c8ef3d-d3d2-42f3-a106-121f1e8f22ba,a69692d2-9897-4792-8c0b-6959b97903e6,Smartphone,iPhone14 ProMax,666134417353499,Huawei,Model-93cY,d6723e7e-1612-4b82-ae40-8745d327d117
78635560-7af5-4503-afc4-c049198d333a,2b945ecc-e302-4681-be14-a7f21b7757cf,Laptop,iPhone15,723251850240008,Samsung,Model-85dK,5a07b046-a65f-4863-971a-6832c43abb6a
02bb352c-a09d-41cf-ab1e-c9d686ed08ec,e3ff7301-3c39-4300-af92-e38ad6a995f0,Laptop,iPhone13 ProMax,755272969798273,Apple,Model-75zm,03067d4b-75d8-4f7d-85dd-c13b6f64d826
e171b08e-29a7-4c90-8030-c6201c4b6ff0,6fc33ae7-e7c5-4b82-ae74-a9b821a81671,Tablet,Samsung Galaxy Pro,675524428845344,HP,Model-91Pd,af4dcb32-dcdf-48b2-b6d0-4685a7487bc6
3db87b6d-bc57-48b2-938e-f5002e0ead8d,f45a2f5d-5b08-4555-9545-21711d793d56,Laptop,Motorola,441295602825484,HP,Model-91Il,42bd40c4-52a5-473b-b003-3a947224bbb3
f4db891a-4703-4a0b-a220-fc8f148fd004,a38256e8-6b47-4f89-941c-29cc45d8d180,Laptop,iPhone12 ProMax,297486098588190,Apple,Model-74HT,7cb81d78-826a-4d4c-a81e-b547602617c9
6536410c-1d91-4de1-a4d5-423bc7221b11,ae5d06e7-e678-4ff2-b4c6-fb74773444c5,Laptop,iPhone15 ProMax,258406245537467,Apple,Model-63DR,61a4e877-7b43-4efa-adc6-2200af145da2
4ed5cf4a-e115-4cfd-97ad-d0c38e681afb,3cc62970-72cb-4251-a13d-2a238c6403e6,Tablet,iPhone11 ProMax,729537987514354,Apple,Model-24dM,509a5994-f8bc-4db8-8785-1622cb05c6d3
fbdc499a-f6d1-4312-9397-d92b429f10df,8a894d25-34a6-4ca8-8c36-010de13aa712,Laptop,Nokia,431730185380392,HP,Model-31qo,470f904b-c69f-4321-afcb-a519cef8c0cb
17eaef2c-8c0a-421b-93a8-97f2f7ce87df,d4e043ce-cfe3-409c-b19f-acc78c744fd3,Tablet,iPhone14 ProMax,542941922190715,Apple,Model-36zA,83db8c34-f4b5-4bbf-adcb-0bbffac4b189
24d30649-c542-44a8-a7c7-09e4824afd95,37cf2f13-8ed7-4ece-9034-e715eda7ccd5,Smartphone,iPhone14,750593917458511,Huawei,Model-34Db,144ac3d9-b9da-48b0-8ac3-37cb73f17001
a6badc75-24a2-4075-8c1f-d9976e85691b,81efc853-1839-41f9-b40a-ef83cedc8567,Smartphone,iPhone15,372114539259324,Apple,Model-65VC,95754f50-649a-4f51-b778-f5f0ed76347b
0faecae9-0c4d-467f-aa47-eeef9b26d2f5,9203924b-f0c7-4410-8c91-8c012aff5844,Tablet,iPhone15 ProMax,381525426912064,Dell,Model-27sk,f2bd8d7f-77e1-45e3-a6b8-63450900535b
a2578039-a28c-4dbc-b8fe-47dc9ad88bb9,156423f0-e0e5-4b46-ae97-18d44d39ff0b,Smartphone,iPhone14,697025718562965,Huawei,Model-25Hd,37210f8d-8666-4b26-bc7d-95b2bd081a08
d0bc14ea-ac5f-4fe3-830f-2e1476afc814,b8a1d547-8df8-4f32-b6f9-2a9f30a99cc7,Smartphone,Samsung Galaxy Pro,153898902754011,Huawei,Model-24fK,a665e944-d291-4812-aa90-dc4eb1515152
d8f75670-90ac-46f5-940f-7eb9f02c9709,5f1f346a-6fea-42b7-a70e-01f466c9d511,Tablet,iPhone11 ProMax,338657563757822,Dell,Model-16Em,1b12f465-2a2f-43ac-bd68-b320653542f6
42d203a9-338f-4c8b-9f07-e97d1117ca9f,8e1dd56b-e031-4324-80c1-002e1e9ce882,Tablet,Motorola,241535451169977,Dell,Model-12Go,b33aa70d-dd51-49bb-9b61-bc6a6d45b69a
0504de3e-d20d-4bb4-9f71-18c2c4fceda3,fbea8bd1-e3d5-4c31-9978-ecb3c785b295,Tablet,Nokia,803699079916456,Huawei,Model-79hr,b8bdd0db-9f74-40fb-9895-c700f9c1a1fb
046892bc-058e-4b03-b93f-082c167b387d,e2abbc7b-8973-452f-b463-b8536b9eae4c,Smartphone,iPhone14,997240343451503,Apple,Model-98LV,22e78a95-8158-4d77-9672-9304973b2a18
f008b829-6272-462e-86e3-799cb830e7ab,eaacc026-1de0-45b3-a2f6-f2d03b216bfd,Laptop,iPhone16,595767181857876,Apple,Model-01Yc,35790c76-3478-4ca1-bb54-f5700c2da08e
d47f22c9-dc49-446b-b288-3ff8d0b59492,7db5955a-50a9-42e7-ad4a-377bd16b0e1b,Laptop,iPhone14 ProMax,262442631727457,Dell,Model-02Xz,2c9d7c59-e984-4215-a79f-335c09fcd949
447ba5bb-2215-4cbb-9b60-6c533d729632,9189fd4d-06ce-49d3-90c0-79bbd6b64b47,Laptop,iPhone16,124797406113235,Dell,Model-76wG,36e6686e-a4d0-48fc-8474-5a3539d650b4
4ec4f29c-116b-4ab4-92ec-1fdd357ebbaf,b8dd47d0-c429-48aa-8f28-549208e77f3b,Tablet,iPhone16,842932596613220,HP,Model-30CT,73f9697a-3a96-4049-a7a6-5617e1bf91a7
330329d3-076a-491e-84ae-0d77a4a080a5,d64bdffa-f1e0-42f2-b861-4fa8840721b4,Smartphone,iPhone14 ProMax,799039174481419,Samsung,Model-26Pd,16f550f5-06a3-454b-9d40-6f7fe77ab505
7229bf2d-e36b-4816-8964-bb4a6c4df16e,5ba22b24-6afc-4387-97cd-2606b1b4033d,Laptop,iPhone13 ProMax,958517967682415,Apple,Model-36jo,6e9e2f66-5e81-429a-b135-2a151a645682
4b681b7e-7df7-4438-9ef0-6d31dc9da4f6,d1b1812d-1acd-4afd-872c-7d70662a1b48,Smartphone,iPhone14,826843412453032,HP,Model-97Ah,af64b6df-aa39-434b-94c3-a4c60378fa04
dc9cebc2-98be-4353-bc49-861c6c61ab82,5bdf99c8-27ee-4c15-8dc2-71bdb447b052,Tablet,iPhone13 ProMax,878810452762017,Dell,Model-09Jf,58ca03b2-6b96-40d5-b6ae-bc058e929f52
214f1e92-4d2f-487e-84eb-498d7f1d3b76,d58ddf03-f99f-4c9d-9679-eee3bafac64c,Smartphone,iPhone13 ProMax,927966241655655,Samsung,Model-68ZT,437a0c31-41c4-4095-9088-069881c9a9e8
3c065778-8c51-496b-9c09-3949ff3ce6e9,70b55665-138e-47cc-b605-70c47bea374d,Tablet,iPhone14,213326557021211,Samsung,Model-92ws,99832afd-2978-4dd3-a155-bf9fa2fca775
35e21ec3-dd18-4e53-b611-55c329597775,086ce68c-4011-4e5f-b28a-533500aff9bb,Laptop,iPhone13,407481698597326,HP,Model-25TK,138297a2-cf32-4ab0-a03a-aa61e576942d
dcdeea5c-2649-475e-b946-3f13c9c44c68,4b271a5c-9f79-4eb9-b1de-0a3493dede7d,Laptop,iPhone11,270442182338910,HP,Model-17Bl,a4e0b822-87d7-4ea2-9fbb-513d611ba2cb
9061d1d0-cc70-4f5d-a9cc-775e70d074d5,ab198508-65bf-40a2-adb6-70560a410637,Laptop,iPhone14,905345666654574,HP,Model-06ar,2e617701-2dc6-41d3-84c4-1001fe940fc3
cc171ee4-5074-4767-9404-5e2108dc0366,1ae819ff-153c-44a3-b113-5f3dd5dfe554,Smartphone,iPhone14,269923891504408,Apple,Model-86xq,c5b204c4-5313-41c3-a26e-eb35e0ebcd16
6cdd8b20-2f20-4a5f-accd-766ab2f3be33,cbbe6099-74c3-483a-a175-1bc5ce61a8ce,Smartphone,iPhone11,986626576440762,Apple,Model-34Ll,6233b2e9-8735-4c82-94ff-0e3b2c79670b
81a6b4c3-f4cf-4b0c-8d2d-0d624e9ca9d0,1ee6e64b-5940-4035-807c-1bb2ece67b4b,Smartphone,iPhone16 ProMax,404776035065744,Dell,Model-44qX,381fe54f-b2dd-456d-a6fd-c3355d4f90c9
c86c7d49-1529-4864-80c4-cc2ada86e5b1,f346cc4f-0d84-44d2-b3be-f03f04913434,Tablet,iPhone14,851551076109059,Apple,Model-33BH,7faf2e07-772c-48fb-a5ba-ef9700c77521
8160d276-6fd2-4cd6-bf60-0373a09e1cb6,0b702123-d5f3-46a0-85e8-8d04a0ec3942,Smartphone,iPhone16,552858772384379,Samsung,Model-41WB,dae83ab2-4da4-49e3-a863-47cb955a5ca6
85d57936-bc95-4606-9d33-bc980a044675,99f2a600-3744-4e05-967e-67a03532e12c,Tablet,iPhone13,170457657180093,Huawei,Model-33UO,06e81782-72df-4bef-a0cd-1996ea1631ac
7b0f94b3-0c2d-4018-9e8f-d6bc20de4dd7,a2fe6834-d207-452e-8ef4-999291dde1c5,Tablet,Samsung Galaxy Pro,778990614962597,HP,Model-08pM,62af75e0-2447-4168-bcf0-0b358b19c80c
a1f9811e-a114-4e37-8d83-8373f3fe47e0,1d90cdab-894e-48e6-b331-7a4b53fd0c4b,Smartphone,iPhone13 ProMax,157116412446838,Samsung,Model-63WP,3015ae55-dac3-4faa-bf18-3888ca785abf
5b5cb0f4-afce-4f30-98f6-ecc78bb00948,a0b3ba17-7385-410e-94fc-a4e067c92f15,Tablet,iPhone15,600538272615280,Huawei,Model-72HJ,91d6899d-f88f-43ee-bdd8-502a01758f1c
4e76a755-0852-4813-8899-72f8d88fe768,17985271-9301-4fcf-8ab4-cc2cb94956d5,Tablet,iPhone13 ProMax,323088687840285,Huawei,Model-59Me,df2ca987-268b-4983-9b3e-198c34852f03
2178c6dc-2dce-4f6b-a36d-9febe885cf7e,3a7a3b4d-9a29-4523-af95-7a800ebf3981,Laptop,iPhone11,913071487305499,Huawei,Model-90QE,66f98799-41b6-493e-8244-8a91d67847b9
a49248db-a208-473a-b974-b86f2e4fdeee,62903781-e035-4530-b1b3-0ddf4d9cb547,Smartphone,iPhone14 ProMax,126578345844538,Apple,Model-88MA,ade42b88-01df-4186-95a4-7ef740b3de37
1c964b57-53ad-4fbb-bfc6-584bf8fe54f7,88f4a639-8dac-42f7-b98b-ae9e3b3240ad,Laptop,iPhone12 ProMax,482081706224034,Samsung,Model-55SI,1833be07-3c8d-4dfa-b374-0b74e2d5c626
06d07e4f-0116-4e5a-a5c4-260a3bbcf729,d290ed8f-1214-4023-9da9-f222243ad1c6,Tablet,Motorola,924340969630352,Samsung,Model-25Fj,eac8d32b-56a3-4999-8e95-b55ac585b52a
e93810fa-2e81-40b4-b652-0e69ee66884f,91f53640-e85f-49b6-bc57-8317401c6d53,Tablet,Motorola,108990691229291,Dell,Model-34AH,c71c2922-5925-4075-9621-54ea6f8079ab
3550f1a7-15f3-4d37-a728-7fd166d17e84,f213cf08-4001-41ec-a778-6b6985e08e8c,Tablet,iPhone11 ProMax,690509965387371,HP,Model-03aS,b7791519-99fd-485d-83ef-816b1b109443
3bb81e7a-cb51-4b90-8e11-b7ad411af84d,81a68a35-f13d-4512-a3ec-e62faaf2f691,Smartphone,iPhone12 ProMax,256091533815858,Samsung,Model-16RR,4fb9dbd4-f2d5-42cd-bfff-0626e57cd32e
de6fef23-3d33-4abe-b110-47bc307a3da6,2f0b533c-b328-4ca3-8953-b9dac55b4f6b,Tablet,iPhone16 ProMax,541845066522586,HP,Model-59zk,4f952f18-d5f4-4346-9498-39ec0c6b2439
7661fccf-09f0-4754-a53d-2b971127855e,1ce8d604-feb7-4cd0-bb31-403a4b874057,Laptop,Samsung Galaxy Pro,929264257644393,Huawei,Model-37Br,fcdef04b-8ec0-4cdf-97e9-c9ca2b1f5bad
7c5dcf68-d085-41bc-bba3-b4356692e0eb,f7f6bf7a-c738-4af4-9b5e-fd18e17f2d20,Laptop,Nokia,251133992310503,Dell,Model-59ig,ad025d50-76a6-4576-a8c5-757c2ad86428
8b5933d0-a882-4ae9-a465-3110740e0e1d,417856bd-a7e7-48ee-9e4f-45db349b8006,Laptop,Motorola,128224360160306,Dell,Model-55uW,f0e8666b-ebca-4a31-933d-f630a5d16039
872a3663-acd3-494b-94fc-eaaac2830f9d,0c9ea426-0100-4df7-bbac-0296639ecb26,Smartphone,iPhone14,517021615653153,Dell,Model-86na,7b66fc46-c62c-474d-ac2c-3c87a9181a3c
1a429bec-3554-47d6-aa5d-f626178ebe0f,fe94149d-7a6d-44c9-bae6-b5fbe689581e,Laptop,iPhone14,742500052344670,Dell,Model-49DD,d662bd7c-0a11-476c-b553-d2a2a253d61c
bdda13fc-55e1-4b90-b0bd-154b983598ca,602f0140-17ca-47f0-aefe-fd381e85e536,Tablet,iPhone14,967997939254296,Apple,Model-64Vh,b0f16701-44c2-42ba-abf4-aafd05ebc3e4
43c9b7f1-f74e-4275-a134-09b6dae1d372,5b96eadf-ffe1-41aa-8337-26e7abc397e8,Smartphone,iPhone14 ProMax,803237472658662,Samsung,Model-21HH,1ba59f64-a0b6-4f65-aa5d-0590caa14c3a
7d75c677-41f9-4332-8160-150d44ad707e,30c6e91b-9c97-4988-be32-63ca33b00089,Tablet,iPhone15,975049430306389,Huawei,Model-62FN,f1963b1d-1797-48f9-a26b-7924f8a1c141
8243caa4-d3ae-467b-9f53-7f58e3c4d049,26cb7a2d-db90-4780-95f8-2f59be53b7f5,Tablet,iPhone15,140501650993171,Apple,Model-28yC,eb80c360-b396-4847-bfc3-ccca5e78b555
efc1c281-de9f-4516-90dc-34afb580d832,c2454fcf-3608-4a35-8fef-d0ddbb211b92,Smartphone,Samsung Galaxy Pro,888309386054938,Apple,Model-52dH,38936429-3401-4028-956b-9b1d797fb8ce
6e122a00-96b1-4166-a103-d57df3a82752,ddd247a0-496d-4020-ae1a-877f86d52256,Laptop,iPhone16 ProMax,510384475009529,Dell,Model-20cr,4d6f588b-b002-4bd6-8b97-76b72a2d3bdf
cb9b20e9-5331-40d6-bf39-39af9af80551,90f308c9-5b6f-488a-aade-3cd2e281afa1,Laptop,iPhone15,479171601720833,Samsung,Model-72yQ,43576013-d4a3-47c5-b336-6e4c9c79630d
bb478231-a6ed-4122-b9d8-5e109d5e610d,63ad0b3b-d8e9-4b0e-965c-e6690e3df25a,Laptop,iPhone16 ProMax,767597930885106,HP,Model-03DI,a4a55949-5de9-481e-a27c-8c3b6c3f890d
f26e8e94-5c78-4596-9fe5-6b4414f64363,d87855b6-68aa-42a4-a72e-9c9bb814e94f,Smartphone,iPhone15 ProMax,857370754895911,Huawei,Model-31Zi,c91d19dc-eec7-45a4-8af5-8547cf0c5e42
66f7f1f0-71c3-4e6e-b8d5-f72d9ce9530a,154c44d4-0023-4159-95ef-6e053d13d8f3,Tablet,Motorola,438930282367382,Huawei,Model-95Qq,264be551-7feb-43a0-bd89-840620c74665
38da1e7a-939e-481e-8a58-52455562096b,10257474-c038-414e-8d22-d55eb562612d,Laptop,iPhone12,817768193749681,Samsung,Model-37LK,ff4dc3a7-cc75-4bfb-857e-bf498274adbe
6c14bd5d-c052-4430-879f-bdc51b12ca7a,573fd749-1b39-40e6-a91c-3a0da3c785f7,Laptop,iPhone15,601937815531583,Samsung,Model-76Ui,ebccbef4-2ef7-41e4-8b6a-67e98fa01059
12441fea-c4b3-46d8-a895-0125952e28bc,81a031cb-837b-4937-a964-e19158ac408e,Tablet,iPhone12 ProMax,966897001248427,Apple,Model-41rf,e10d5896-44b9-41a3-aa3a-6bedbf03e824
24357535-6956-48ad-ad5c-dc574d660a83,49597801-3796-43bf-b40d-d9d88e5abea2,Tablet,iPhone12,679376055218394,Apple,Model-65tv,00f6202b-db21-492d-8e3d-4f0223c1f026
8f03c4ed-5111-4db8-97d1-ffb79607b3b8,1e26819d-8402-4058-9da5-9c3da2056973,Tablet,iPhone16 ProMax,651870095519235,Samsung,Model-77Mk,b880cd36-8027-4a65-bd59-7e02b1e2ec84
c3acf30c-7e3c-4f3e-b94d-73b2082c4b39,b258c314-5c89-419c-9038-8c956a3e97ab,Smartphone,Motorola,353270500874401,Samsung,Model-17kf,169ccd4c-c276-4c58-9432-8fa2bbed6183
4e60c590-86be-4c9c-bc0b-297102d61d61,cf41b7f0-1030-423e-8e92-ef68c902d31a,Laptop,Nokia,461856421659340,HP,Model-39mR,43e89035-19ed-4fbf-b089-4434996bdf17
2cdb2784-8cd8-4ea3-8197-d757400d9f90,341bb4c3-092e-49c0-af18-8da24852e009,Smartphone,Motorola,585965268573398,Apple,Model-86PQ,18c4de35-4d4e-44ff-b5da-608bf051bbe2
122d0e37-ad5e-4c56-be5d-0cbb84e2890f,f97ce83e-bdbb-4882-86a0-13d52d72cc5a,Smartphone,iPhone11 ProMax,607272019403973,Apple,Model-01HG,65670a42-c7d9-436e-8451-215b84dcae45
483f1945-54ab-45fe-836e-041be2671c55,e22d2b6b-282d-4b6d-8ac6-addc161eb608,Smartphone,iPhone13 ProMax,911197444283032,Dell,Model-59tO,cdb1ced6-a468-49eb-800d-c0978eed3367
932689d0-49c4-4712-a563-de487d553184,3c512e86-035d-40cc-9cf9-8a0afb76535c,Laptop,iPhone15 ProMax,669771452105735,Huawei,Model-79Em,68d2495e-9234-433a-9a74-0cc0edc42693
1b1b212a-28f5-4ad1-a0f6-a40e7741f026,ec24e2d0-56e4-4c7f-87aa-9aa96f13dfcb,Smartphone,Samsung Galaxy Pro,138453681974768,Samsung,Model-21Nb,e4a89b22-751d-4ff7-a0fb-27b27fcb7b56
c7d50794-f787-4e7d-9174-e74011ee42b9,7b670a40-d8c9-41bd-b97e-825e72d0d3c1,Smartphone,Samsung Galaxy Pro,345337827795535,Samsung,Model-57fn,0e1789f1-b508-444c-a64e-5e5420808abe
d903aac6-d03b-4f43-9fcc-d6f7c8d7e098,33e0b220-0fb4-4d07-9c43-424c4f097a8e,Smartphone,iPhone13,412829997222611,Apple,Model-91Pv,3acd5407-56f7-496c-8c5c-cd19ab90c9e7
72e8d395-ff10-4f87-bf89-6287d6a0eaee,462bd022-df91-4ddf-abbb-650303813bd2,Tablet,iPhone15,296448996280214,HP,Model-96jj,1945473e-8fda-4819-a8cf-71f9ff1b1563
705e6c02-949c-4f0d-ab68-4b5f3e6c0298,11efb33f-5bc3-443f-a3b1-f9e5d9e01f95,Smartphone,iPhone13,533518003459036,Huawei,Model-33ZM,0b7f28c2-e661-4314-8bc6-ab2f76c54a56
d8876bfe-5250-461f-9387-d3c79c3d0015,d20665d3-9fd4-4729-91c4-04066bbea29a,Tablet,iPhone16 ProMax,821702147294118,Apple,Model-55GR,f2b1da02-096d-4567-9551-a2a9758afeea
67631f0d-22b7-43f9-a07b-2d1ebffe2e3c,b07806fb-6801-4f26-be48-60307d06282b,Smartphone,iPhone11,772290439560585,Apple,Model-85oa,fdc9f961-0a89-44a9-a875-a8a48d9623f4
d6e12d97-fc98-4434-b032-79a52cdb87ad,07ab09df-95bf-484e-a50d-9d3804786acf,Smartphone,Samsung Galaxy Pro,323527992433047,Samsung,Model-16JD,4fd684b1-1183-4d9c-a82d-8bb28100bd32
5f9c0394-feed-4aad-b5e1-cff7ba9fe893,bed293f2-3dcc-4e5c-affa-bba6ce88e529,Tablet,iPhone11 ProMax,204428432011192,HP,Model-66sZ,396e1cd1-1bfa-4beb-a02f-dcf67a664a1e
92b48289-dd8d-45da-bbee-65402f8f2398,1c71b8e6-fd65-470e-a8f8-ce39c6b10dcc,Tablet,Motorola,301539676290490,Apple,Model-31bu,c3ede035-9292-4940-9312-f7101d7cca18
9b8ef8af-abb3-4755-b7f8-b09732cc9a56,3c413f4c-393a-40d5-a84a-2ab117f8cda4,Tablet,iPhone15,817273268079270,Dell,Model-63Do,061987c3-6b6c-4222-9e7f-8e4995559f71
58dda897-d66b-4071-b64c-94815146372e,47423366-0161-4b79-b353-70974cb5f825,Tablet,iPhone12 ProMax,606518408498029,Huawei,Model-09WB,d44f5016-ff47-436e-ac99-0b7bc475da50
25939463-8b20-4d23-b601-3071aef023f1,5a9c8b15-6606-49c8-8af8-33c1a5230f34,Tablet,iPhone16,228322417383704,Samsung,Model-73MO,c4a978b0-7dc4-4164-8d7a-ceb4377fd8b5
35538d86-798b-4ea8-9d85-beaabed4c457,d091e5eb-0263-4487-8eee-1ef156c40554,Smartphone,iPhone16 ProMax,338249710326030,Samsung,Model-41Gu,9085a6ff-f521-434d-a9a9-f8ca8dc94768
0bec95aa-efab-4dd8-bc2c-33605d39a262,bd4f5b49-3108-429c-9a40-2fdcc0bd9ab0,Laptop,iPhone14 ProMax,502405653698393,Samsung,Model-27qv,3514157c-3b1d-4b16-8223-dc232ceea044
f7a01775-26c1-40ba-a8ab-b422b75f47cf,fd34ceda-a9bb-40c8-a2ef-6b874f56a725,Tablet,Nokia,745564785242970,HP,Model-21hh,b86d3a60-f5f2-42d8-b655-6607dc9d2835
0903d54a-ea61-4458-8d02-58b20a154629,1cd2e075-095d-474b-a48c-62674a418a99,Tablet,iPhone15,406447333671207,HP,Model-56lF,33d538e7-65fb-4eca-893b-717ed6075dcc
2a6b03dd-69c5-42d5-81b0-729d68f5139a,87b3b4c8-fccd-443e-8fc4-250283d32056,Laptop,Motorola,891934532736016,HP,Model-78RD,05fba603-921b-439b-b9ea-49856af6c787
7c0f4ef6-9439-4214-8cda-14d4c5ea027f,ef3f3d54-73cf-4079-8be1-8d6953ad86c0,Tablet,iPhone14,468506101611938,Huawei,Model-86OP,d68943e8-5253-42a1-acb8-aac75a673d07
0c5e3c66-bd42-46d1-872e-b501d76883db,472f28e7-590f-4685-8bc3-947a004d324e,Tablet,Nokia,760335181146861,HP,Model-48Hg,5c2d34c9-c3ad-4d54-bf8b-acc301175e4c
8874a233-4d22-49a6-8e20-a48a6d4f5100,a0c7330e-8959-4d5d-a399-0b628f5cb67d,Tablet,Samsung Galaxy Pro,411700785593649,Huawei,Model-22LU,35717d39-73e4-40e2-9c2e-ecf9e70a292e
a6dc4ef9-3c9b-45d5-9d16-78192aaafbc4,f83280bb-7d7c-40a6-b16e-b85c47060d0d,Smartphone,iPhone11 ProMax,788692279663803,Dell,Model-83RK,f8f73752-55cf-4f4d-a5de-fa7b79b84a8f
dec7f7ee-a182-4780-856d-40282ca8e80d,7b0ddeab-63f7-4933-b9c3-66b268137144,Laptop,Samsung Galaxy Pro,273034572415650,Huawei,Model-68UO,d5323545-c0ef-4bce-aafd-0596ed673d63
413c8745-3934-48ae-8583-68a648ae5bb5,8d253841-8521-44d8-bb01-d0d22005ecdf,Smartphone,iPhone14 ProMax,451796251689672,HP,Model-26QG,ce932d20-6022-4c7c-89bd-dc9d5038cbaa
f513ec9a-dbe1-4a61-b5b9-96fa924b1ede,575300c0-d41e-4f21-bd76-48fc2e8f1fab,Laptop,iPhone11,644697866134948,Samsung,Model-01QG,5fde5f12-59bb-485a-aec8-3f0bb7d7c46d
ff77962e-595b-4afd-ba15-fde1467815c8,d2cd1a7c-8dbe-43d9-a8d1-764163d10fc9,Smartphone,iPhone13 ProMax,617369358042368,Samsung,Model-59RV,65c3f5fb-8d27-4293-8705-839fef5d1aca
468fac35-cba9-43e9-9401-9007c7a82adc,432aaf5c-579c-4ef2-bea3-24500f4585bf,Smartphone,iPhone16 ProMax,284309048782033,Huawei,Model-83Jn,1e0c4132-4efc-498b-b530-beb1e0c384c5
f96df7a0-1cce-4402-a0f3-4a149f647141,5000e8a1-a966-46ac-b1e8-eab3162a59b3,Tablet,Samsung Galaxy Pro,819618600401095,Dell,Model-51QO,c2a474d8-4230-4af8-abd6-1b257dfdda75
6545408d-bb81-4a94-abd6-fce40b8a1c16,69c39955-7867-45c4-bd5f-9837e6666f38,Tablet,iPhone11 ProMax,942681928870391,Apple,Model-88PL,bbf171bc-876b-4f18-91f7-d928947b75bc
b9d92c63-7371-4c68-9641-244981004c4f,659d29d4-ecec-47e6-bb4f-d972160b0081,Smartphone,iPhone16 ProMax,889542678091387,Dell,Model-07dH,3bf3ac2f-d1ec-44f4-beac-90ae0eb65c46
84cc20f2-283e-4689-bddf-c8eafba888ff,05202d04-b79d-4b09-8773-81c45900dc0d,Smartphone,iPhone11 ProMax,199567082459636,Samsung,Model-18PB,db0dd802-b8b2-488d-916e-a8b2a11f5030
e8d21e38-1045-45f8-8c00-bb1790fb7831,5c9c45e6-7bad-4c87-b57e-844f6c2d7ff4,Tablet,iPhone14,813537885441996,Huawei,Model-09ni,6ea20d64-e5c8-452b-9119-5c89aa4c95f1
b81033f8-529c-427e-8581-b178243796a6,3a534783-1152-45a8-95e0-a1a069902f26,Tablet,iPhone15 ProMax,476281911980887,Apple,Model-21Ca,c1be399d-c7a5-4914-91a0-f3bc27ab36a4
8213abd3-723e-40ce-a4ae-056f7e9c02d1,e100788d-e55c-4a67-b048-440166bf47ba,Laptop,iPhone12 ProMax,245631479259738,Dell,Model-45AU,27e5b8f3-ff8e-458c-9f11-9fce3d3e7b6a
0da05f15-f113-4237-a361-ee0756f8d3bf,d8e19ea3-ee3c-4ea2-a0d2-1b42ae25780d,Tablet,iPhone12 ProMax,237627549906902,Samsung,Model-58RA,b6de9759-4c56-4f56-b7b4-74cba00ea5c1
54b14e6b-6c19-4041-b885-c1a2e144070d,867bdd70-16d3-42a4-9719-d3c3e010045d,Smartphone,iPhone11 ProMax,403977223293129,Dell,Model-33ox,43676347-0fdd-4e8e-bebd-b26283985bd5
1f2f3f3b-f50c-40f9-adc8-7567c26e08d7,363258d8-35dd-4a96-a489-75d49487e1e7,Smartphone,iPhone16 ProMax,566901133874391,Samsung,Model-34et,ec646aad-fe78-48c5-b4c9-48961260ee63
f329a32b-9b99-4221-b892-ee2ea464669c,853952bf-a823-49cd-b551-eeef9101542f,Smartphone,iPhone11 ProMax,435349663230361,Huawei,Model-27fb,0be47a2e-594b-4c56-bc06-de27aa04c4b9
fe96547e-e555-458f-be35-a12edb12abfb,65b888dd-2198-43d7-a5e5-68c924e0267f,Smartphone,iPhone13 ProMax,671302046244735,Huawei,Model-09xy,e301a046-2a6f-4621-85c3-5cc437c70bfc
8d2bcb96-c08f-4ad0-bcba-f75c2f3302a6,93bcef29-62f7-42eb-97f4-dd0e1881ddba,Smartphone,Samsung Galaxy Pro,743640249265013,Apple,Model-99UD,e7cd7014-1307-4b7e-88ea-8e0851f6c94f
a3bd587d-987e-4a24-8b09-4085da517f11,26f586a5-f942-46ce-909e-6b3771327abf,Tablet,Samsung Galaxy Pro,221345955537594,HP,Model-61pW,ce92135b-670a-444a-8826-380b7e60dbaf
